district,year,pop
Kreis 1,2008,5536
Kreis 1,2009,5576
Kreis 1,2010,5563
Kreis 1,2011,5550
Kreis 1,2012,5571
Kreis 1,2013,5565
Kreis 1,2014,5616
Kreis 1,2015,5617
Kreis 1,2016,5648
Kreis 1,2017,5728
Kreis 1,2018,5750
Kreis 1,2019,5791
Kreis 1,2020,5831
Kreis 1,2021,5864.962055219682
Kreis 1,2022,5865.838220373384
Kreis 1,2023,5866.5852028374675
Kreis 1,2024,5867.199406376078
Kreis 1,2025,5867.694874604632
Kreis 1,2026,5868.071516803045
Kreis 1,2027,5868.329244763736
Kreis 1,2028,5868.482038193765
Kreis 1,2029,5869.30492382015
Kreis 1,2030,5873.409266145144
Kreis 1,2031,5877.461036342125
Kreis 1,2032,5881.461838614449
Kreis 1,2033,5885.41026991981
Kreis 1,2034,5889.305562443013
Kreis 1,2035,5893.151236358053
Kreis 1,2036,5896.952509441448
Kreis 1,2037,5900.709661644885
Kreis 1,2038,5904.421863726817
Kreis 1,2039,5908.091598546367
Kreis 1,2040,5911.725241886335
Kreis 1,2041,5915.324182712819
Kreis 1,2042,5918.88590630758
Kreis 1,2043,5922.411228791202
Kreis 1,2044,5925.901568008794
Kreis 1,2045,5929.35802644379
Kreis 1,2046,5932.783306545847
Kreis 1,2047,5936.180364530981
Kreis 1,2048,5939.546684431349
Kreis 1,2049,5942.881293577269
Kreis 1,2050,5946.188761818589
Wollishofen,2008,15794
Wollishofen,2009,15854
Wollishofen,2010,15988
Wollishofen,2011,16055
Wollishofen,2012,16029.000000000002
Wollishofen,2013,15937
Wollishofen,2014,16137
Wollishofen,2015,16244
Wollishofen,2016,16567
Wollishofen,2017,17892
Wollishofen,2018,18923
Wollishofen,2019,19225
Wollishofen,2020,19757
Wollishofen,2021,20295.133360666627
Wollishofen,2022,20975.74628235775
Wollishofen,2023,21913.220657758655
Wollishofen,2024,22015.53485422438
Wollishofen,2025,22674.957959605694
Wollishofen,2026,22701.843425219155
Wollishofen,2027,22702.939020176615
Wollishofen,2028,22702.939020176615
Wollishofen,2029,22702.939020176615
Wollishofen,2030,22702.939020176615
Wollishofen,2031,22702.939020176615
Wollishofen,2032,22771.009271153693
Wollishofen,2033,22852.921398363127
Wollishofen,2034,22932.641392807185
Wollishofen,2035,23010.251293241618
Wollishofen,2036,23085.828161368845
Wollishofen,2037,23159.4435738521
Wollishofen,2038,23231.16897896325
Wollishofen,2039,23301.074756280315
Wollishofen,2040,23369.223625174833
Wollishofen,2041,23435.67563568145
Wollishofen,2042,23500.493390675154
Wollishofen,2043,23563.735751661927
Wollishofen,2044,23625.45769643772
Wollishofen,2045,23685.71583007717
Wollishofen,2046,23744.566108750783
Wollishofen,2047,23802.05707844464
Wollishofen,2048,23858.235754055957
Wollishofen,2049,23913.151853167998
Wollishofen,2050,23966.851474862484
Leimbach,2008,5185
Leimbach,2009,5287
Leimbach,2010,5293
Leimbach,2011,5340
Leimbach,2012,5354
Leimbach,2013,5730
Leimbach,2014,5936
Leimbach,2015,6102
Leimbach,2016,6173
Leimbach,2017,6212
Leimbach,2018,6320
Leimbach,2019,6152
Leimbach,2020,6140
Leimbach,2021,6442.503445327238
Leimbach,2022,6584.389215392768
Leimbach,2023,6763.755607599191
Leimbach,2024,6772.653065805569
Leimbach,2025,6778.70158880215
Leimbach,2026,6787.138186692754
Leimbach,2027,6835.7117630600515
Leimbach,2028,6882.7691719946215
Leimbach,2029,6928.354874053984
Leimbach,2030,6972.54687530679
Leimbach,2031,7015.379425225313
Leimbach,2032,7056.921755619038
Leimbach,2033,7097.205719141042
Leimbach,2034,7136.275167821837
Leimbach,2035,7174.180894412284
Leimbach,2036,7210.970602053597
Leimbach,2037,7246.684156414418
Leimbach,2038,7281.357743019337
Leimbach,2039,7315.036895146136
Leimbach,2040,7347.754012883039
Leimbach,2041,7379.551961944814
Leimbach,2042,7410.44772304359
Leimbach,2043,7440.483404747291
Leimbach,2044,7469.697170049671
Leimbach,2045,7498.118846339175
Leimbach,2046,7525.777094947507
Leimbach,2047,7552.691720689464
Leimbach,2048,7578.897101396384
Leimbach,2049,7604.424351756462
Leimbach,2050,7629.298819115067
Enge,2008,8552
Enge,2009,8668
Enge,2010,8597
Enge,2011,8684
Enge,2012,8702
Enge,2013,8836
Enge,2014,9083
Enge,2015,9257
Enge,2016,9422
Enge,2017,9489
Enge,2018,9634
Enge,2019,9658
Enge,2020,9655
Enge,2021,9746.477302071184
Enge,2022,9834.447884016196
Enge,2023,10120.674001740565
Enge,2024,10197.594580225734
Enge,2025,10225.067868536427
Enge,2026,10234.417502775997
Enge,2027,10242.74264299965
Enge,2028,10254.094358245708
Enge,2029,10322.579210835569
Enge,2030,10388.446618919912
Enge,2031,10451.801121308139
Enge,2032,10512.726596151264
Enge,2033,10571.321698928303
Enge,2034,10627.65645330087
Enge,2035,10681.825043928768
Enge,2036,10733.919909098147
Enge,2037,10784.027529085179
Enge,2038,10832.210482634593
Enge,2039,10878.54808885725
Enge,2040,10923.109962157678
Enge,2041,10965.95426641321
Enge,2042,11007.170293507106
Enge,2043,11046.79615440885
Enge,2044,11084.899027914746
Enge,2045,11121.534841347373
Enge,2046,11156.777862481262
Enge,2047,11190.668253843234
Enge,2048,11223.268326247331
Enge,2049,11254.611115136966
Enge,2050,11284.756891336585
Alt-Wiedikon,2008,15727
Alt-Wiedikon,2009,15504
Alt-Wiedikon,2010,15988
Alt-Wiedikon,2011,16014
Alt-Wiedikon,2012,16109
Alt-Wiedikon,2013,16706
Alt-Wiedikon,2014,16918
Alt-Wiedikon,2015,17158
Alt-Wiedikon,2016,17321
Alt-Wiedikon,2017,17522
Alt-Wiedikon,2018,17956
Alt-Wiedikon,2019,17874
Alt-Wiedikon,2020,17764
Alt-Wiedikon,2021,17891.264423076278
Alt-Wiedikon,2022,18026.341923010576
Alt-Wiedikon,2023,18705.166263182284
Alt-Wiedikon,2024,18737.53230613178
Alt-Wiedikon,2025,18795.56985211004
Alt-Wiedikon,2026,19153.76044187694
Alt-Wiedikon,2027,19184.446662342772
Alt-Wiedikon,2028,19193.890308778038
Alt-Wiedikon,2029,19201.595738076885
Alt-Wiedikon,2030,19208.970293092858
Alt-Wiedikon,2031,19216.053551811376
Alt-Wiedikon,2032,19222.823166564478
Alt-Wiedikon,2033,19229.32645950435
Alt-Wiedikon,2034,19235.562040638244
Alt-Wiedikon,2035,19241.514940446974
Alt-Wiedikon,2036,19247.237162160724
Alt-Wiedikon,2037,19252.69832490955
Alt-Wiedikon,2038,19257.941536982144
Alt-Wiedikon,2039,19262.951263892395
Alt-Wiedikon,2040,19267.757485080747
Alt-Wiedikon,2041,19272.34116740958
Alt-Wiedikon,2042,19276.745944484413
Alt-Wiedikon,2043,19280.95665506018
Alt-Wiedikon,2044,19338.4053236477
Alt-Wiedikon,2045,19405.311828169277
Alt-Wiedikon,2046,19469.64302544542
Alt-Wiedikon,2047,19531.53266766823
Alt-Wiedikon,2048,19591.04145442702
Alt-Wiedikon,2049,19648.290557890774
Alt-Wiedikon,2050,19703.3486296357
Friesenberg,2008,10325
Friesenberg,2009,11003
Friesenberg,2010,10596
Friesenberg,2011,10622
Friesenberg,2012,10986
Friesenberg,2013,10696
Friesenberg,2014,10695
Friesenberg,2015,10698
Friesenberg,2016,11002
Friesenberg,2017,10860.000000000002
Friesenberg,2018,10933
Friesenberg,2019,11107
Friesenberg,2020,11071
Friesenberg,2021,11278.026915057491
Friesenberg,2022,11448.281718429831
Friesenberg,2023,11626.181445417948
Friesenberg,2024,11797.032096780644
Friesenberg,2025,12009.797736294799
Friesenberg,2026,12135.864291174883
Friesenberg,2027,12265.671604499614
Friesenberg,2028,12411.147184394842
Friesenberg,2029,12550.83052932857
Friesenberg,2030,12684.946225614462
Friesenberg,2031,12813.763190983225
Friesenberg,2032,12937.452547202505
Friesenberg,2033,13056.231763875374
Friesenberg,2034,13170.29349693132
Friesenberg,2035,13279.848473895454
Friesenberg,2036,13385.0283810084
Friesenberg,2037,13486.022138170667
Friesenberg,2038,13583.017843075288
Friesenberg,2039,13676.167011803358
Friesenberg,2040,13765.604436835514
Friesenberg,2041,13851.484543914012
Friesenberg,2042,13933.983676450167
Friesenberg,2043,14013.180672568615
Friesenberg,2044,14089.254444654554
Friesenberg,2045,14162.295896294134
Friesenberg,2046,14232.445658088853
Friesenberg,2047,14299.81857585621
Friesenberg,2048,14364.503396228505
Friesenberg,2049,14426.6310278681
Friesenberg,2050,14486.288123596873
Sihlfeld,2008,20543
Sihlfeld,2009,20464
Sihlfeld,2010,20115
Sihlfeld,2011,20307
Sihlfeld,2012,20831
Sihlfeld,2013,20931
Sihlfeld,2014,21195
Sihlfeld,2015,21339
Sihlfeld,2016,21177
Sihlfeld,2017,21660
Sihlfeld,2018,21680
Sihlfeld,2019,22141
Sihlfeld,2020,21921
Sihlfeld,2021,22105.874618927977
Sihlfeld,2022,22201.017188986338
Sihlfeld,2023,22333.9900289561
Sihlfeld,2024,22461.74563409643
Sihlfeld,2025,22584.496329331236
Sihlfeld,2026,23488.225943118836
Sihlfeld,2027,23615.80891980074
Sihlfeld,2028,23690.90535491514
Sihlfeld,2029,23759.76970953858
Sihlfeld,2030,23825.893151172844
Sihlfeld,2031,23889.363661330008
Sihlfeld,2032,23950.27278859282
Sihlfeld,2033,24008.764885534318
Sihlfeld,2034,24064.92843253909
Sihlfeld,2035,24118.816261658136
Sihlfeld,2036,24170.55673041601
Sihlfeld,2037,24220.221771577875
Sihlfeld,2038,24267.880032449997
Sihlfeld,2039,24313.624803809387
Sihlfeld,2040,24357.54390398489
Sihlfeld,2041,24399.673306267046
Sihlfeld,2042,24440.12272109565
Sihlfeld,2043,24478.944369450932
Sihlfeld,2044,24516.15476851892
Sihlfeld,2045,24551.882980683095
Sihlfeld,2046,24586.180922512904
Sihlfeld,2047,24619.08443578293
Sihlfeld,2048,24650.628958228048
Sihlfeld,2049,24680.905494170052
Sihlfeld,2050,24709.949465024016
Werd,2008,4015
Werd,2009,4104
Werd,2010,4167
Werd,2011,4189
Werd,2012,4195
Werd,2013,4188
Werd,2014,4428
Werd,2015,4460
Werd,2016,4594
Werd,2017,4574
Werd,2018,4455
Werd,2019,4455
Werd,2020,4570
Werd,2021,4765.262665597003
Werd,2022,4770.130660010269
Werd,2023,4900.80631003813
Werd,2024,4906.468651453479
Werd,2025,4906.595420868103
Werd,2026,4906.5977831921045
Werd,2027,4906.5977831921045
Werd,2028,4906.5977831921045
Werd,2029,4906.5977831921045
Werd,2030,4906.5977831921045
Werd,2031,4906.5977831921045
Werd,2032,4906.5977831921045
Werd,2033,4906.5977831921045
Werd,2034,4906.5977831921045
Werd,2035,4906.5977831921045
Werd,2036,4906.5977831921045
Werd,2037,4906.5977831921045
Werd,2038,4907.680091800206
Werd,2039,4926.033724159792
Werd,2040,4943.679118498374
Werd,2041,4960.644048964959
Werd,2042,4976.9551467140755
Werd,2043,4994.299703100259
Werd,2044,5011.613517327223
Werd,2045,5028.242183328983
Werd,2046,5044.212679901148
Werd,2047,5059.550719830985
Werd,2048,5074.280847993064
Werd,2049,5088.426748548674
Werd,2050,5102.011426176953
Langstrasse,2008,10455
Langstrasse,2009,10392
Langstrasse,2010,10379
Langstrasse,2011,10520
Langstrasse,2012,10560
Langstrasse,2013,10686
Langstrasse,2014,10985
Langstrasse,2015,11169
Langstrasse,2016,11145
Langstrasse,2017,11144
Langstrasse,2018,11111.000000000002
Langstrasse,2019,11853
Langstrasse,2020,11910
Langstrasse,2021,12017.392278399633
Langstrasse,2022,12044.983070916038
Langstrasse,2023,12092.902983955302
Langstrasse,2024,12156.907232695752
Langstrasse,2025,12204.351868929041
Langstrasse,2026,12256.895295948385
Langstrasse,2027,12307.26490972439
Langstrasse,2028,12355.56506296794
Langstrasse,2029,12401.903790991266
Langstrasse,2030,12446.338297483751
Langstrasse,2031,12488.947335648318
Langstrasse,2032,12529.812658041485
Langstrasse,2033,12569.014812429341
Langstrasse,2034,12606.608537315993
Langstrasse,2035,12642.645624735349
Langstrasse,2036,12677.232175618225
Langstrasse,2037,12710.37309725627
Langstrasse,2038,12742.168428084447
Langstrasse,2039,12772.649040380868
Langstrasse,2040,12801.890496009913
Langstrasse,2041,12829.94916725009
Langstrasse,2042,12856.82578368855
Langstrasse,2043,12882.618742342285
Langstrasse,2044,12907.36196397955
Langstrasse,2045,12931.080334303904
Langstrasse,2046,12953.82623524321
Langstrasse,2047,12975.64839674273
Langstrasse,2048,12996.575124385203
Langstrasse,2049,13016.657422546246
Langstrasse,2050,13035.898367851498
Hard,2008,12884
Hard,2009,12901.999999999998
Hard,2010,12883
Hard,2011,12744
Hard,2012,12994
Hard,2013,13241
Hard,2014,13232
Hard,2015,13072
Hard,2016,12891
Hard,2017,13057
Hard,2018,13163
Hard,2019,13060
Hard,2020,12554
Hard,2021,12769.020149107648
Hard,2022,13081.511221891218
Hard,2023,13387.022453708214
Hard,2024,13471.96759024133
Hard,2025,13462.314710521929
Hard,2026,13595.41216548238
Hard,2027,13603.934603823996
Hard,2028,13604.481072296185
Hard,2029,13604.481072296185
Hard,2030,13607.613461140216
Hard,2031,13645.777617800864
Hard,2032,13682.517761248844
Hard,2033,13717.893639298074
Hard,2034,13751.966521319748
Hard,2035,13784.782040768005
Hard,2036,13816.387494749943
Hard,2037,13846.832546524223
Hard,2038,13876.167962673906
Hard,2039,13904.43235501468
Hard,2040,13931.669050784216
Hard,2041,13957.919721339003
Hard,2042,13983.22425987925
Hard,2043,14007.617597466975
Hard,2044,14031.137846430625
Hard,2045,14053.817416892232
Hard,2046,14075.68952898974
Hard,2047,14096.782983238976
Hard,2048,14117.131540067136
Hard,2049,14136.765780213384
Hard,2050,14155.711254532722
Gewerbeschule,2008,9751
Gewerbeschule,2009,9717
Gewerbeschule,2010,9688
Gewerbeschule,2011,9795
Gewerbeschule,2012,9824
Gewerbeschule,2013,9626
Gewerbeschule,2014,9539
Gewerbeschule,2015,9608
Gewerbeschule,2016,9597.999999999998
Gewerbeschule,2017,9578
Gewerbeschule,2018,9513
Gewerbeschule,2019,9562
Gewerbeschule,2020,9424
Gewerbeschule,2021,9595.19909713026
Gewerbeschule,2022,9630.77068293598
Gewerbeschule,2023,9681.558925175636
Gewerbeschule,2024,9694.787679513722
Gewerbeschule,2025,9725.120392622968
Gewerbeschule,2026,10419.008357588898
Gewerbeschule,2027,10463.320263288344
Gewerbeschule,2028,10466.150187460104
Gewerbeschule,2029,10466.150187460104
Gewerbeschule,2030,10466.150187460104
Gewerbeschule,2031,10466.150187460104
Gewerbeschule,2032,10466.150187460104
Gewerbeschule,2033,10466.150187460104
Gewerbeschule,2034,10466.150187460104
Gewerbeschule,2035,10466.150187460104
Gewerbeschule,2036,10466.150187460104
Gewerbeschule,2037,10466.150187460104
Gewerbeschule,2038,10466.150187460104
Gewerbeschule,2039,10466.150187460104
Gewerbeschule,2040,10466.150187460104
Gewerbeschule,2041,10466.150187460104
Gewerbeschule,2042,10466.150187460104
Gewerbeschule,2043,10466.150187460104
Gewerbeschule,2044,10466.150187460104
Gewerbeschule,2045,10466.150187460104
Gewerbeschule,2046,10466.150187460104
Gewerbeschule,2047,10466.150187460104
Gewerbeschule,2048,10466.150187460104
Gewerbeschule,2049,10466.150187460104
Gewerbeschule,2050,10471.573003177124
Escher Wyss,2008,2971
Escher Wyss,2009,3060
Escher Wyss,2010,3076
Escher Wyss,2011,3129
Escher Wyss,2012,3343
Escher Wyss,2013,4009.9999999999995
Escher Wyss,2014,4604
Escher Wyss,2015,5457
Escher Wyss,2016,5825
Escher Wyss,2017,6088
Escher Wyss,2018,6066
Escher Wyss,2019,6188
Escher Wyss,2020,6198
Escher Wyss,2021,6351.384802591572
Escher Wyss,2022,6498.754456534207
Escher Wyss,2023,6640.354729870647
Escher Wyss,2024,6776.372688469801
Escher Wyss,2025,8139.5758624783175
Escher Wyss,2026,8587.340761679518
Escher Wyss,2027,8614.697579239928
Escher Wyss,2028,8616.302818108223
Escher Wyss,2029,8616.302818108223
Escher Wyss,2030,8616.302818108223
Escher Wyss,2031,8616.302818108223
Escher Wyss,2032,8616.302818108223
Escher Wyss,2033,8616.302818108223
Escher Wyss,2034,8616.302818108223
Escher Wyss,2035,8616.302818108223
Escher Wyss,2036,8616.302818108223
Escher Wyss,2037,8616.302818108223
Escher Wyss,2038,8616.302818108223
Escher Wyss,2039,8616.302818108223
Escher Wyss,2040,8616.302818108223
Escher Wyss,2041,8616.302818108223
Escher Wyss,2042,8616.302818108223
Escher Wyss,2043,8665.80519175401
Escher Wyss,2044,8739.277137363139
Escher Wyss,2045,8810.070689760332
Escher Wyss,2046,8878.258800444366
Escher Wyss,2047,8943.880999483235
Escher Wyss,2048,9006.94127555349
Escher Wyss,2049,9067.420745024296
Escher Wyss,2050,9125.300728182969
Unterstrass,2008,20655
Unterstrass,2009,21080
Unterstrass,2010,21233
Unterstrass,2011,21240
Unterstrass,2012,21442
Unterstrass,2013,21876
Unterstrass,2014,22126
Unterstrass,2015,22226
Unterstrass,2016,22476
Unterstrass,2017,22768
Unterstrass,2018,23394
Unterstrass,2019,23971
Unterstrass,2020,24493
Unterstrass,2021,24920.174972465054
Unterstrass,2022,25263.877349916365
Unterstrass,2023,25555.12609558925
Unterstrass,2024,25822.48721231667
Unterstrass,2025,26096.37455154654
Unterstrass,2026,26107.501384086223
Unterstrass,2027,26241.12545302877
Unterstrass,2028,26500.302988464246
Unterstrass,2029,26645.175690463562
Unterstrass,2030,26833.103097576386
Unterstrass,2031,27028.634157800916
Unterstrass,2032,27216.65300491707
Unterstrass,2033,27397.436711349124
Unterstrass,2034,27571.253241016424
Unterstrass,2035,27738.38918595988
Unterstrass,2036,27899.09831205639
Unterstrass,2037,28053.627768833194
Unterstrass,2038,28202.222529313756
Unterstrass,2039,28345.08860679019
Unterstrass,2040,28482.461757695146
Unterstrass,2041,28614.54596349905
Unterstrass,2042,28741.556821674832
Unterstrass,2043,28863.674496949643
Unterstrass,2044,28981.09405051932
Unterstrass,2045,29093.9925210349
Unterstrass,2046,29202.560554214528
Unterstrass,2047,29306.93529720126
Unterstrass,2048,29407.299966483162
Unterstrass,2049,29503.810827567693
Unterstrass,2050,29596.618714732023
Oberstrass,2008,10102
Oberstrass,2009,10051
Oberstrass,2010,10231
Oberstrass,2011,10316
Oberstrass,2012,10308
Oberstrass,2013,10452.000000000002
Oberstrass,2014,10556
Oberstrass,2015,10641
Oberstrass,2016,10794.000000000002
Oberstrass,2017,10846
Oberstrass,2018,10927
Oberstrass,2019,10823
Oberstrass,2020,10824
Oberstrass,2021,10952.639736322948
Oberstrass,2022,11016.600216385956
Oberstrass,2023,11029.033532796177
Oberstrass,2024,11073.639668428192
Oberstrass,2025,11180.200995513856
Oberstrass,2026,11191.025890714169
Oberstrass,2027,11238.697982094976
Oberstrass,2028,11290.513769850904
Oberstrass,2029,11340.297128858318
Oberstrass,2030,11388.122645855738
Oberstrass,2031,11434.059869229613
Oberstrass,2032,11478.209951951478
Oberstrass,2033,11520.634693015085
Oberstrass,2034,11561.388971848288
Oberstrass,2035,11600.540557030166
Oberstrass,2036,11638.1331977914
Oberstrass,2037,11674.2644462754
Oberstrass,2038,11708.978458591844
Oberstrass,2039,11742.326794355644
Oberstrass,2040,11774.37514698658
Oberstrass,2041,11805.156776369024
Oberstrass,2042,11834.75572810354
Oberstrass,2043,11863.179805623438
Oberstrass,2044,11890.472498250181
Oberstrass,2045,11916.698687105321
Oberstrass,2046,11941.916599506501
Oberstrass,2047,11966.146371917346
Oberstrass,2048,11989.41084463567
Oberstrass,2049,12011.754260911332
Oberstrass,2050,12033.303037103453
Fluntern,2008,7542.000000000001
Fluntern,2009,7528
Fluntern,2010,7637
Fluntern,2011,7873.000000000001
Fluntern,2012,7779
Fluntern,2013,7856.000000000001
Fluntern,2014,7865
Fluntern,2015,7953.000000000001
Fluntern,2016,8038
Fluntern,2017,8221
Fluntern,2018,8485
Fluntern,2019,8639
Fluntern,2020,8685
Fluntern,2021,8876.758599218148
Fluntern,2022,8952.204604792983
Fluntern,2023,9089.461071679329
Fluntern,2024,9108.68318072219
Fluntern,2025,9166.939951031289
Fluntern,2026,9238.130897029785
Fluntern,2027,9307.634194878461
Fluntern,2028,9374.508899669685
Fluntern,2029,9438.808192302022
Fluntern,2030,9500.614387079
Fluntern,2031,9560.024281442433
Fluntern,2032,9617.140883429665
Fluntern,2033,9672.04685062623
Fluntern,2034,9724.844451729401
Fluntern,2035,9775.595840903134
Fluntern,2036,9824.386534949432
Fluntern,2037,9871.282922212697
Fluntern,2038,9916.386798929274
Fluntern,2039,9959.729241661827
Fluntern,2040,10001.394249020035
Fluntern,2041,10041.448625697069
Fluntern,2042,10079.958193692157
Fluntern,2043,10116.993588206162
Fluntern,2044,10152.584424513723
Fluntern,2045,10186.799233997826
Fluntern,2046,10219.70453118746
Fluntern,2047,10251.334666189916
Fluntern,2048,10281.738044138629
Fluntern,2049,10310.968906030575
Fluntern,2050,10339.072468134602
Hottingen,2008,10548
Hottingen,2009,10594
Hottingen,2010,10570.000000000002
Hottingen,2011,10461
Hottingen,2012,10447
Hottingen,2013,10708
Hottingen,2014,10882
Hottingen,2015,11081
Hottingen,2016,11113
Hottingen,2017,11172.000000000002
Hottingen,2018,11265
Hottingen,2019,11388.000000000002
Hottingen,2020,11304
Hottingen,2021,11389.168319454373
Hottingen,2022,11471.102637576509
Hottingen,2023,11549.939343090908
Hottingen,2024,11625.766619207989
Hottingen,2025,11698.692510626348
Hottingen,2026,11768.835465861408
Hottingen,2027,11836.333583996522
Hottingen,2028,11901.257361358415
Hottingen,2029,11963.726516398252
Hottingen,2030,12023.831699034232
Hottingen,2031,12081.644562147632
Hottingen,2032,12137.266276601651
Hottingen,2033,12190.769209068174
Hottingen,2034,12242.225941466282
Hottingen,2035,12291.738578833669
Hottingen,2036,12339.380417369082
Hottingen,2037,12385.185867989974
Hottingen,2038,12429.277534098623
Hottingen,2039,12471.690219231117
Hottingen,2040,12512.478672782858
Hottingen,2041,12551.717480637186
Hottingen,2042,12589.471356264521
Hottingen,2043,12625.77602753395
Hottingen,2044,12660.706830170584
Hottingen,2045,12694.329113603662
Hottingen,2046,12726.67906518625
Hottingen,2047,12757.783743358637
Hottingen,2048,12787.689140569903
Hottingen,2049,12816.481145497217
Hottingen,2050,12844.167411829949
Hirslanden,2008,6967
Hirslanden,2009,6956
Hirslanden,2010,6998.000000000001
Hirslanden,2011,7024
Hirslanden,2012,7131
Hirslanden,2013,7285
Hirslanden,2014,7403
Hirslanden,2015,7379.999999999999
Hirslanden,2016,7321
Hirslanden,2017,7465.000000000001
Hirslanden,2018,7488
Hirslanden,2019,7503
Hirslanden,2020,7396
Hirslanden,2021,7461.131463196528
Hirslanden,2022,7583.106575777406
Hirslanden,2023,7636.195873336867
Hirslanden,2024,7652.137040519063
Hirslanden,2025,7719.412150842374
Hirslanden,2026,7742.035767748801
Hirslanden,2027,7793.804895783843
Hirslanden,2028,7843.574571993884
Hirslanden,2029,7891.393408365047
Hirslanden,2030,7937.356160968375
Hirslanden,2031,7981.558155526211
Hirslanden,2032,8024.05955604714
Hirslanden,2033,8064.902625517553
Hirslanden,2034,8104.173059919834
Hirslanden,2035,8141.937770237133
Hirslanden,2036,8178.235842669199
Hirslanden,2037,8213.12907794453
Hirslanden,2038,8246.685686784
Hirslanden,2039,8278.926886365589
Hirslanden,2040,8309.928775087095
Hirslanden,2041,8339.74540770267
Hirslanden,2042,8368.395435518256
Hirslanden,2043,8395.936423179548
Hirslanden,2044,8422.416088517068
Hirslanden,2045,8447.87973191369
Hirslanden,2046,8472.367536056388
Hirslanden,2047,8495.906092274849
Hirslanden,2048,8518.527929608004
Hirslanden,2049,8540.260440458416
Hirslanden,2050,8561.163206662353
Witikon,2008,10183
Witikon,2009,10284
Witikon,2010,10242
Witikon,2011,10258
Witikon,2012,10246
Witikon,2013,10267
Witikon,2014,10406
Witikon,2015,10639.000000000002
Witikon,2016,10667
Witikon,2017,10600
Witikon,2018,10953.000000000002
Witikon,2019,11054
Witikon,2020,11243.999999999998
Witikon,2021,11423.693733329565
Witikon,2022,11543.914453675103
Witikon,2023,11913.42913346371
Witikon,2024,12037.794331972744
Witikon,2025,12171.485019504127
Witikon,2026,12785.658387188778
Witikon,2027,12836.715691243151
Witikon,2028,12851.546577287607
Witikon,2029,12863.615849377691
Witikon,2030,12875.377561452555
Witikon,2031,12886.836162873302
Witikon,2032,12898.009596369884
Witikon,2033,12908.903968857223
Witikon,2034,12919.530588722144
Witikon,2035,12929.90347697248
Witikon,2036,12940.026133612428
Witikon,2037,12949.909709985122
Witikon,2038,12959.56145298757
Witikon,2039,12968.993948363674
Witikon,2040,12978.209854085992
Witikon,2041,12987.218230734059
Witikon,2042,12996.027134981914
Witikon,2043,13004.647652432759
Witikon,2044,13013.073081982116
Witikon,2045,13021.325894051908
Witikon,2046,13029.40906956375
Witikon,2047,13073.283582963708
Witikon,2048,13143.47410214851
Witikon,2049,13210.913437158459
Witikon,2050,13275.71184645602
Seefeld,2008,4863.000000000001
Seefeld,2009,4731.999999999999
Seefeld,2010,4840
Seefeld,2011,4908
Seefeld,2012,4916
Seefeld,2013,4978.000000000001
Seefeld,2014,5035
Seefeld,2015,4990
Seefeld,2016,5046
Seefeld,2017,5129
Seefeld,2018,5253
Seefeld,2019,5319
Seefeld,2020,5480
Seefeld,2021,5787.942990028461
Seefeld,2022,5829.576489792057
Seefeld,2023,5867.862842150556
Seefeld,2024,5904.634114337539
Seefeld,2025,5939.955814562504
Seefeld,2026,5973.899598272323
Seefeld,2027,6006.4964200104805
Seefeld,2028,6037.795157960901
Seefeld,2029,6067.863206622355
Seefeld,2030,6096.74971784986
Seefeld,2031,6124.48546928442
Seefeld,2032,6151.133854755052
Seefeld,2033,6176.729783881266
Seefeld,2034,6201.300763701984
Seefeld,2035,6224.900014063588
Seefeld,2036,6247.576814363963
Seefeld,2037,6269.354108077933
Seefeld,2038,6290.266576027022
Seefeld,2039,6310.342181475547
Seefeld,2040,6329.615515689534
Seefeld,2041,6348.132110073926
Seefeld,2042,6365.896638411349
Seefeld,2043,6382.962193700522
Seefeld,2044,6399.338477970416
Seefeld,2045,6415.078595581341
Seefeld,2046,6430.187267932907
Seefeld,2047,6444.691671960252
Seefeld,2048,6458.600090828798
Seefeld,2049,6471.967210733614
Seefeld,2050,6484.801384457736
Muehlebach,2008,5491
Muehlebach,2009,5545
Muehlebach,2010,5679
Muehlebach,2011,5651.000000000001
Muehlebach,2012,5745
Muehlebach,2013,5912.000000000001
Muehlebach,2014,6106.999999999999
Muehlebach,2015,6116
Muehlebach,2016,6137
Muehlebach,2017,6164
Muehlebach,2018,6315
Muehlebach,2019,6327
Muehlebach,2020,6414
Muehlebach,2021,6478.465123589913
Muehlebach,2022,6510.941449311039
Muehlebach,2023,6573.475395522859
Muehlebach,2024,6574.512562226567
Muehlebach,2025,6598.658274871201
Muehlebach,2026,6626.294630524341
Muehlebach,2027,6656.715414157571
Muehlebach,2028,6687.117975074783
Muehlebach,2029,6716.356686105919
Muehlebach,2030,6744.477321428391
Muehlebach,2031,6771.497983587669
Muehlebach,2032,6797.473175921036
Muehlebach,2033,6822.451446842781
Muehlebach,2034,6846.472088805382
Muehlebach,2035,6869.570921879944
Muehlebach,2036,6891.787697745522
Muehlebach,2037,6913.152271294216
Muehlebach,2038,6933.6963152588105
Muehlebach,2039,6953.44102441971
Muehlebach,2040,6972.420721667217
Muehlebach,2041,6990.686348244299
Muehlebach,2042,7008.256363382524
Muehlebach,2043,7025.128124591839
Muehlebach,2044,7041.354334835469
Muehlebach,2045,7056.949295348872
Muehlebach,2046,7071.943285718355
Muehlebach,2047,7086.380849027013
Muehlebach,2048,7100.260994521228
Muehlebach,2049,7113.588779684397
Muehlebach,2050,7126.415522467974
Weinegg,2008,4961
Weinegg,2009,4935
Weinegg,2010,4999
Weinegg,2011,4942
Weinegg,2012,4783
Weinegg,2013,5022
Weinegg,2014,5036
Weinegg,2015,5086
Weinegg,2016,5030
Weinegg,2017,5248
Weinegg,2018,5220.000000000001
Weinegg,2019,5413.999999999999
Weinegg,2020,5562
Weinegg,2021,5633.767295921021
Weinegg,2022,5702.739069825616
Weinegg,2023,5768.9791922354625
Weinegg,2024,5832.623459792332
Weinegg,2025,5900.150869849937
Weinegg,2026,5952.163732800185
Weinegg,2027,6008.613143831106
Weinegg,2028,6062.865322178641
Weinegg,2029,6114.992378640504
Weinegg,2030,6165.100618418169
Weinegg,2031,6213.233058452317
Weinegg,2032,6259.453337434031
Weinegg,2033,6303.875793017716
Weinegg,2034,6346.5724546932015
Weinegg,2035,6387.578193590939
Weinegg,2036,6426.964731322506
Weinegg,2037,6464.824995791055
Weinegg,2038,6501.194019497266
Weinegg,2039,6536.143517688962
Weinegg,2040,6569.716131125203
Weinegg,2041,6601.983786785842
Weinegg,2042,6632.959912457866
Weinegg,2043,6662.737345355922
Weinegg,2044,6691.366933655658
Weinegg,2045,6718.862070205865
Weinegg,2046,6745.294424274743
Weinegg,2047,6770.656497597962
Weinegg,2048,6795.048664164678
Weinegg,2049,6818.484915434712
Weinegg,2050,6840.986388539718
Albisrieden,2008,17555
Albisrieden,2009,17675
Albisrieden,2010,17835
Albisrieden,2011,18432
Albisrieden,2012,18999
Albisrieden,2013,19146
Albisrieden,2014,19199
Albisrieden,2015,19325
Albisrieden,2016,21174
Albisrieden,2017,22113
Albisrieden,2018,22304
Albisrieden,2019,22352
Albisrieden,2020,22364
Albisrieden,2021,22973.92506667216
Albisrieden,2022,23246.993280627183
Albisrieden,2023,23963.296772125366
Albisrieden,2024,24174.06927538934
Albisrieden,2025,24396.027956348058
Albisrieden,2026,24405.00193512978
Albisrieden,2027,24327.255301148434
Albisrieden,2028,24390.496788189877
Albisrieden,2029,24753.538083924865
Albisrieden,2030,24933.72817219526
Albisrieden,2031,25065.96620699155
Albisrieden,2032,25180.24982335155
Albisrieden,2033,25291.277318869084
Albisrieden,2034,25399.160876387425
Albisrieden,2035,25504.019244229177
Albisrieden,2036,25605.96612493167
Albisrieden,2037,25705.108520980735
Albisrieden,2038,25801.552682700712
Albisrieden,2039,25895.39671142047
Albisrieden,2040,25986.74204508945
Albisrieden,2041,26075.67584480285
Albisrieden,2042,26162.300281714
Albisrieden,2043,26246.704841394545
Albisrieden,2044,26328.961887576617
Albisrieden,2045,26409.154768682056
Albisrieden,2046,26487.36023814354
Albisrieden,2047,26563.655333196526
Albisrieden,2048,26638.11171176532
Albisrieden,2049,26710.789207231144
Albisrieden,2050,26781.767609187853
Altstetten,2008,29740
Altstetten,2009,29845
Altstetten,2010,30659
Altstetten,2011,31381
Altstetten,2012,31438
Altstetten,2013,31115
Altstetten,2014,31486
Altstetten,2015,32003
Altstetten,2016,31724.000000000004
Altstetten,2017,32603
Altstetten,2018,33460.99999999999
Altstetten,2019,34285
Altstetten,2020,34098
Altstetten,2021,35187.62252908629
Altstetten,2022,35646.86933479194
Altstetten,2023,36164.21375680885
Altstetten,2024,36574.10175212509
Altstetten,2025,37443.572118529424
Altstetten,2026,37665.43112034068
Altstetten,2027,37678.801303276006
Altstetten,2028,37789.795965624086
Altstetten,2029,37986.27712515899
Altstetten,2030,38444.08220038143
Altstetten,2031,38728.391758818485
Altstetten,2032,38940.84174031387
Altstetten,2033,39105.34223065495
Altstetten,2034,39262.62784418426
Altstetten,2035,39413.01506806204
Altstetten,2036,39556.7616515829
Altstetten,2037,39694.15619568574
Altstetten,2038,39825.43989833229
Altstetten,2039,39950.876934085674
Altstetten,2040,40070.68441855594
Altstetten,2041,40185.08840543395
Altstetten,2042,40294.33626821664
Altstetten,2043,40398.62000184278
Altstetten,2044,40498.14301572982
Altstetten,2045,40593.08840890153
Altstetten,2046,40683.66090877765
Altstetten,2047,40770.02428925619
Altstetten,2048,40852.36090992686
Altstetten,2049,40930.81401935839
Altstetten,2050,41005.538623321445
Hoengg,2008,21186
Hoengg,2009,21294
Hoengg,2010,21179
Hoengg,2011,21323
Hoengg,2012,21537
Hoengg,2013,21581
Hoengg,2014,21826
Hoengg,2015,22320
Hoengg,2016,23423
Hoengg,2017,23797
Hoengg,2018,24020
Hoengg,2019,24358
Hoengg,2020,24439
Hoengg,2021,24681.137906853455
Hoengg,2022,24846.357082649174
Hoengg,2023,25060.32587172762
Hoengg,2024,25224.54088791012
Hoengg,2025,26056.97239441692
Hoengg,2026,26090.964747418446
Hoengg,2027,26203.185064993308
Hoengg,2028,26314.38875260339
Hoengg,2029,26664.423092282173
Hoengg,2030,26827.225032593073
Hoengg,2031,26940.772254343003
Hoengg,2032,27035.639001391482
Hoengg,2033,27126.79163067397
Hoengg,2034,27214.396239390982
Hoengg,2035,27298.54403371284
Hoengg,2036,27379.400371570286
Hoengg,2037,27457.057175782094
Hoengg,2038,27531.66500105943
Hoengg,2039,27603.335828657284
Hoengg,2040,27672.146240900922
Hoengg,2041,27738.264363902777
Hoengg,2042,27801.735311354892
Hoengg,2043,27862.693185841257
Hoengg,2044,27921.197398962977
Hoengg,2045,27977.38451344274
Hoengg,2046,28031.315064740807
Hoengg,2047,28083.093527938196
Hoengg,2048,28132.7623954423
Hoengg,2049,28180.44199010655
Hoengg,2050,28226.176661056328
Wipkingen,2008,15500.000000000002
Wipkingen,2009,15645.000000000002
Wipkingen,2010,15700
Wipkingen,2011,15869.000000000002
Wipkingen,2012,15791
Wipkingen,2013,15835
Wipkingen,2014,15717
Wipkingen,2015,15879
Wipkingen,2016,16141
Wipkingen,2017,16544
Wipkingen,2018,16321
Wipkingen,2019,16474
Wipkingen,2020,16605
Wipkingen,2021,16832.452287852786
Wipkingen,2022,16907.583025365537
Wipkingen,2023,16979.55514970681
Wipkingen,2024,17253.596711044644
Wipkingen,2025,17333.9100070557
Wipkingen,2026,17397.647800774943
Wipkingen,2027,17458.224764165618
Wipkingen,2028,17516.202624266152
Wipkingen,2029,17571.70768481274
Wipkingen,2030,17624.832593700965
Wipkingen,2031,17675.68616008454
Wipkingen,2032,17724.360417847492
Wipkingen,2033,17785.166903134625
Wipkingen,2034,17858.363623101544
Wipkingen,2035,17928.63760994487
Wipkingen,2036,17996.099920621724
Wipkingen,2037,18060.891952279035
Wipkingen,2038,18123.093099143152
Wipkingen,2039,18182.830638312487
Wipkingen,2040,18240.17823420781
Wipkingen,2041,18295.23862355124
Wipkingen,2042,18348.114025425763
Wipkingen,2043,18398.885880599846
Wipkingen,2044,18447.63862736264
Wipkingen,2045,18494.455486776205
Wipkingen,2046,18539.398711843314
Wipkingen,2047,18582.563170244575
Wipkingen,2048,18623.993129848383
Wipkingen,2049,18663.795463516897
Wipkingen,2050,18702.000428654
Affoltern,2008,22044
Affoltern,2009,22383
Affoltern,2010,22972
Affoltern,2011,24437
Affoltern,2012,24855
Affoltern,2013,25082
Affoltern,2014,25902
Affoltern,2015,25874
Affoltern,2016,26054
Affoltern,2017,26177
Affoltern,2018,26562
Affoltern,2019,26710
Affoltern,2020,26584
Affoltern,2021,26909.95722479654
Affoltern,2022,27336.553986146886
Affoltern,2023,27838.406242330795
Affoltern,2024,28382.11406273285
Affoltern,2025,28798.347097966012
Affoltern,2026,29948.7917338167
Affoltern,2027,30168.30461703653
Affoltern,2028,30322.948434889626
Affoltern,2029,30467.850415366825
Affoltern,2030,30607.204543001248
Affoltern,2031,30741.261130093957
Affoltern,2032,30870.222369457995
Affoltern,2033,30994.276636464805
Affoltern,2034,31113.592601861357
Affoltern,2035,31228.39084628361
Affoltern,2036,31338.841733637117
Affoltern,2037,31445.102372488338
Affoltern,2038,31547.346857594966
Affoltern,2039,31645.713003811044
Affoltern,2040,31740.374084521965
Affoltern,2041,31831.46822539451
Affoltern,2042,31919.134839433515
Affoltern,2043,32003.479523173715
Affoltern,2044,32084.67990369369
Affoltern,2045,32162.82201511965
Affoltern,2046,32238.04781093786
Affoltern,2047,32310.457152593746
Affoltern,2048,32380.132910521737
Affoltern,2049,32447.222480627803
Affoltern,2050,32511.828613964564
Oerlikon,2008,20853
Oerlikon,2009,20740
Oerlikon,2010,20787
Oerlikon,2011,21253
Oerlikon,2012,21331
Oerlikon,2013,21658
Oerlikon,2014,21895
Oerlikon,2015,21966
Oerlikon,2016,22161
Oerlikon,2017,22815
Oerlikon,2018,23214
Oerlikon,2019,23288
Oerlikon,2020,23548
Oerlikon,2021,23859.73676946474
Oerlikon,2022,24101.802590386964
Oerlikon,2023,24363.60210875711
Oerlikon,2024,24615.185936228143
Oerlikon,2025,26181.03503790266
Oerlikon,2026,26244.853479629164
Oerlikon,2027,26247.453126608925
Oerlikon,2028,26247.453126608925
Oerlikon,2029,26247.453126608925
Oerlikon,2030,26247.453126608925
Oerlikon,2031,26343.644364185384
Oerlikon,2032,26509.066523677797
Oerlikon,2033,26668.33353071706
Oerlikon,2034,26821.67552144676
Oerlikon,2035,26969.319134569363
Oerlikon,2036,27111.498851699875
Oerlikon,2037,27248.41886482648
Oerlikon,2038,27380.274891215337
Oerlikon,2039,27507.271914823188
Oerlikon,2040,27629.602107704093
Oerlikon,2041,27747.455957738544
Oerlikon,2042,27860.99381577612
Oerlikon,2043,27970.377157875955
Oerlikon,2044,28075.771062131113
Oerlikon,2045,28177.338613066313
Oerlikon,2046,28275.21931106803
Oerlikon,2047,28369.55185300611
Oerlikon,2048,28460.474977399776
Oerlikon,2049,28548.135608722594
Oerlikon,2050,28632.65305499804
Seebach,2008,21386
Seebach,2009,21489
Seebach,2010,22037
Seebach,2011,22255
Seebach,2012,23310
Seebach,2013,24008
Seebach,2014,24431
Seebach,2015,24991
Seebach,2016,25198
Seebach,2017,25817
Seebach,2018,25568
Seebach,2019,25806
Seebach,2020,26055.999999999996
Seebach,2021,27109.679084480842
Seebach,2022,27512.399547948866
Seebach,2023,28164.892100591765
Seebach,2024,30746.6901335929
Seebach,2025,32516.721747752657
Seebach,2026,32820.59864613054
Seebach,2027,32838.31095293319
Seebach,2028,32939.08140464578
Seebach,2029,33332.96868652179
Seebach,2030,33529.620530877895
Seebach,2031,33811.65685282277
Seebach,2032,34083.26590045306
Seebach,2033,34344.866427333654
Seebach,2034,34596.87189857337
Seebach,2035,34839.62784612542
Seebach,2036,35073.49547124237
Seebach,2037,35298.83364782894
Seebach,2038,35515.99832498247
Seebach,2039,35725.28760505797
Seebach,2040,35927.01484147066
Seebach,2041,36121.49560561342
Seebach,2042,36309.02638760817
Seebach,2043,36489.84526573775
Seebach,2044,36664.20875720512
Seebach,2045,36832.387691000426
Seebach,2046,36994.651885658124
Seebach,2047,37151.20848433828
Seebach,2048,37302.279015091546
Seebach,2049,37448.07644468196
Seebach,2050,37588.81505089498
Saatlen,2008,6843
Saatlen,2009,7132.000000000001
Saatlen,2010,7175
Saatlen,2011,7130.999999999999
Saatlen,2012,7118
Saatlen,2013,7280
Saatlen,2014,7563
Saatlen,2015,8508
Saatlen,2016,8283
Saatlen,2017,8388
Saatlen,2018,8582
Saatlen,2019,8841
Saatlen,2020,8799.000000000002
Saatlen,2021,9026.307085326753
Saatlen,2022,9244.505245270651
Saatlen,2023,9454.014901948312
Saatlen,2024,10985.02476187209
Saatlen,2025,11052.339752308795
Saatlen,2026,11079.567014917977
Saatlen,2027,11103.810136459553
Saatlen,2028,11735.977723153863
Saatlen,2029,11852.522708379685
Saatlen,2030,11886.446240213072
Saatlen,2031,11903.62277546713
Saatlen,2032,11919.222621028533
Saatlen,2033,11933.325047127288
Saatlen,2034,11945.99108118374
Saatlen,2035,11957.27997724009
Saatlen,2036,11967.272338211085
Saatlen,2037,11975.993278530437
Saatlen,2038,11983.53068186328
Saatlen,2039,11989.920598203156
Saatlen,2040,11995.226696651447
Saatlen,2041,11999.482584838162
Saatlen,2042,12002.754894602771
Saatlen,2043,12005.071792337672
Saatlen,2044,12006.469072103104
Saatlen,2045,12007.0068794465
Saatlen,2046,12007.0068794465
Saatlen,2047,12007.0068794465
Saatlen,2048,12007.0068794465
Saatlen,2049,12007.0068794465
Saatlen,2050,12007.0068794465
Schwamendingen-Mitte,2008,10864
Schwamendingen-Mitte,2009,10857
Schwamendingen-Mitte,2010,10903
Schwamendingen-Mitte,2011,10863
Schwamendingen-Mitte,2012,10934
Schwamendingen-Mitte,2013,11209
Schwamendingen-Mitte,2014,11301
Schwamendingen-Mitte,2015,11315
Schwamendingen-Mitte,2016,11076
Schwamendingen-Mitte,2017,11012
Schwamendingen-Mitte,2018,11100
Schwamendingen-Mitte,2019,11261
Schwamendingen-Mitte,2020,11083
Schwamendingen-Mitte,2021,11278.909236071864
Schwamendingen-Mitte,2022,11485.524200220363
Schwamendingen-Mitte,2023,11646.253433009886
Schwamendingen-Mitte,2024,12090.685234898858
Schwamendingen-Mitte,2025,12518.809264778596
Schwamendingen-Mitte,2026,12749.392929638867
Schwamendingen-Mitte,2027,12763.708459413741
Schwamendingen-Mitte,2028,13663.249478928396
Schwamendingen-Mitte,2029,13884.133189770695
Schwamendingen-Mitte,2030,13991.75080438338
Schwamendingen-Mitte,2031,14075.475012152194
Schwamendingen-Mitte,2032,14155.879117446784
Schwamendingen-Mitte,2033,14233.088002740016
Schwamendingen-Mitte,2034,14307.227210297235
Schwamendingen-Mitte,2035,14378.43267708473
Schwamendingen-Mitte,2036,14446.817694297824
Schwamendingen-Mitte,2037,14512.484954902244
Schwamendingen-Mitte,2038,14575.553412914473
Schwamendingen-Mitte,2039,14636.136881575021
Schwamendingen-Mitte,2040,14694.333200968405
Schwamendingen-Mitte,2041,14750.23048639762
Schwamendingen-Mitte,2042,14803.918074017427
Schwamendingen-Mitte,2043,14855.482645770568
Schwamendingen-Mitte,2044,14905.022431070243
Schwamendingen-Mitte,2045,14952.60880671239
Schwamendingen-Mitte,2046,14998.318913588548
Schwamendingen-Mitte,2047,15042.226424519824
Schwamendingen-Mitte,2048,15084.40185698531
Schwamendingen-Mitte,2049,15124.928244025683
Schwamendingen-Mitte,2050,15163.867602177557
Hirzenbach,2008,11478
Hirzenbach,2009,11610
Hirzenbach,2010,11459
Hirzenbach,2011,11516
Hirzenbach,2012,11404
Hirzenbach,2013,11153
Hirzenbach,2014,11679
Hirzenbach,2015,11930
Hirzenbach,2016,12463
Hirzenbach,2017,12627
Hirzenbach,2018,12801
Hirzenbach,2019,13129
Hirzenbach,2020,12963
Hirzenbach,2021,13313.412674887217
Hirzenbach,2022,13649.647333061781
Hirzenbach,2023,14598.809227266993
Hirzenbach,2024,15217.108484539825
Hirzenbach,2025,15814.24475480141
Hirzenbach,2026,15838.343891089824
Hirzenbach,2027,15854.417644616704
Hirzenbach,2028,16008.581344729284
Hirzenbach,2029,16157.404617347627
Hirzenbach,2030,16301.10507720721
Hirzenbach,2031,16439.887860161416
Hirzenbach,2032,16573.943723667726
Hirzenbach,2033,16703.44203780464
Hirzenbach,2034,16828.562448254743
Hirzenbach,2035,16949.47892909778
Hirzenbach,2036,17066.35746248265
Hirzenbach,2037,17179.361974375053
Hirzenbach,2038,17288.636405210505
Hirzenbach,2039,17394.338861986875
Hirzenbach,2040,17496.582046743708
Hirzenbach,2041,17595.51200311952
Hirzenbach,2042,17691.259304376836
Hirzenbach,2043,17783.94399461066
Hirzenbach,2044,17873.68916947287
Hirzenbach,2045,17960.603043980933
Hirzenbach,2046,18044.814553869237
Hirzenbach,2047,18126.40330267412
Hirzenbach,2048,18219.67795240238
Hirzenbach,2049,18367.236636986258
Hirzenbach,2050,18508.781593399937
