PublJahr,ArealCd,WohnanteilCd,QuarCd,QuarLang,EigentumGrundstkCd,Kapazitaet,Bestand,Reserve,Inanspruchnahme
2016,1,1,010,Kreis 1,1,94875,94017,858,427
2016,1,1,010,Kreis 1,2,254794,256350,-1556,-68
2016,1,1,021,Wollishofen,1,376567,238204,138363,64819
2016,1,1,021,Wollishofen,2,711818,565459,146360,82439
2016,1,1,023,Leimbach,1,182758,124010,58749,22649
2016,1,1,023,Leimbach,2,174851,116934,57917,22455
2016,1,1,024,Enge,1,57617,35973,21645,7990
2016,1,1,024,Enge,2,650814,497779,153035,55841
2016,1,1,031,Alt-Wiedikon,1,109047,69368,39679,11045
2016,1,1,031,Alt-Wiedikon,2,905662,729177,176485,37026
2016,1,1,033,Friesenberg,1,393080,265780,127299,47171
2016,1,1,033,Friesenberg,2,149813,121595,28218,14217
2016,1,1,034,Sihlfeld,1,373086,271028,102058,42548
2016,1,1,034,Sihlfeld,2,844968,638619,206349,52614
2016,1,1,041,Werd,1,46568,35026,11541,716
2016,1,1,041,Werd,2,230777,171236,59540,8507
2016,1,1,042,Langstrasse,1,100076,77868,22208,1436
2016,1,1,042,Langstrasse,2,564387,395602,168785,56674
2016,1,1,044,Hard,1,392784,244782,148002,47586
2016,1,1,044,Hard,2,418162,293071,125091,27647
2016,1,1,051,Gewerbeschule,1,227351,128816,98534,8653
2016,1,1,051,Gewerbeschule,2,354621,313545,41075,7107
2016,1,1,052,Escher Wyss,1,55004,18944,36059,19778
2016,1,1,052,Escher Wyss,2,392941,293641,99300,46515
2016,1,1,061,Unterstrass,1,489231,309464,179766,92989
2016,1,1,061,Unterstrass,2,903377,694153,209223,86217
2016,1,1,063,Oberstrass,1,119158,91298,27860,10092
2016,1,1,063,Oberstrass,2,502797,492379,10418,11367
2016,1,1,071,Fluntern,1,55096,29552,25544,13815
2016,1,1,071,Fluntern,2,620860,528469,92391,54741
2016,1,1,072,Hottingen,1,63082,30186,32897,9951
2016,1,1,072,Hottingen,2,807394,630643,176751,50914
2016,1,1,073,Hirslanden,1,57428,48005,9423,2917
2016,1,1,073,Hirslanden,2,452105,359824,92281,27947
2016,1,1,074,Witikon,1,57485,39369,18116,5158
2016,1,1,074,Witikon,2,694012,561558,132454,95184
2016,1,1,081,Seefeld,1,23826,8783,15043,9644
2016,1,1,081,Seefeld,2,371414,301362,70052,11880
2016,1,1,082,Mühlebach,1,52346,31379,20966,3399
2016,1,1,082,Mühlebach,2,466327,304867,161460,21834
2016,1,1,083,Weinegg,1,60836,32702,28134,11534
2016,1,1,083,Weinegg,2,316876,236750,80126,36195
2016,1,1,091,Albisrieden,1,502704,334793,167911,81080
2016,1,1,091,Albisrieden,2,756010,558022,197988,122103
2016,1,1,092,Altstetten,1,575391,386488,188903,98152
2016,1,1,092,Altstetten,2,1212583,979186,233397,125398
2016,1,1,101,Höngg,1,333565,214313,119252,76493
2016,1,1,101,Höngg,2,974106,944462,29644,49372
2016,1,1,102,Wipkingen,1,284854,174850,110004,50240
2016,1,1,102,Wipkingen,2,609114,534650,74465,22147
2016,1,1,111,Affoltern,1,580549,377725,202824,93426
2016,1,1,111,Affoltern,2,887815,751017,136798,102394
2016,1,1,115,Oerlikon,1,265154,140275,124879,34881
2016,1,1,115,Oerlikon,2,1160035,889990,270045,97285
2016,1,1,119,Seebach,1,585506,289686,295820,167308
2016,1,1,119,Seebach,2,1055082,763825,291257,146989
2016,1,1,121,Saatlen,1,434638,244117,190521,118849
2016,1,1,121,Saatlen,2,104520,72617,31903,14682
2016,1,1,122,Schwamendingen-Mitte,1,265923,159022,106900,60648
2016,1,1,122,Schwamendingen-Mitte,2,431936,298984,132952,58849
2016,1,1,123,Hirzenbach,1,505076,188180,316897,201684
2016,1,1,123,Hirzenbach,2,364608,215996,148611,80252
2016,1,2,010,Kreis 1,1,113089,94017,19071,2758
2016,1,2,010,Kreis 1,2,264959,256350,8610,914
2016,1,2,021,Wollishofen,1,458249,238544,219706,99793
2016,1,2,021,Wollishofen,2,943394,567503,375891,181130
2016,1,2,023,Leimbach,1,235430,133280,102150,36255
2016,1,2,023,Leimbach,2,214071,116934,97136,35647
2016,1,2,024,Enge,1,77792,35973,41819,14595
2016,1,2,024,Enge,2,771249,497975,273274,94653
2016,1,2,031,Alt-Wiedikon,1,139197,69368,69829,16854
2016,1,2,031,Alt-Wiedikon,2,1136263,756961,379302,77768
2016,1,2,033,Friesenberg,1,479993,269429,210564,70210
2016,1,2,033,Friesenberg,2,191843,121595,70248,25236
2016,1,2,034,Sihlfeld,1,415689,271028,144661,57319
2016,1,2,034,Sihlfeld,2,986688,638801,347887,80541
2016,1,2,041,Werd,1,67931,39370,28561,3679
2016,1,2,041,Werd,2,298474,176890,121585,14215
2016,1,2,042,Langstrasse,1,121445,78637,42808,4087
2016,1,2,042,Langstrasse,2,739974,411996,327977,95743
2016,1,2,044,Hard,1,428203,244782,183421,56649
2016,1,2,044,Hard,2,468326,293338,174988,42318
2016,1,2,051,Gewerbeschule,1,265550,129053,136497,14029
2016,1,2,051,Gewerbeschule,2,444127,313868,130260,19065
2016,1,2,052,Escher Wyss,1,113158,18944,94213,51683
2016,1,2,052,Escher Wyss,2,592567,326054,266513,93979
2016,1,2,061,Unterstrass,1,587661,310148,277513,133876
2016,1,2,061,Unterstrass,2,1115649,694907,420742,142827
2016,1,2,063,Oberstrass,1,143932,91298,52635,17422
2016,1,2,063,Oberstrass,2,605988,493209,112779,40686
2016,1,2,071,Fluntern,1,69041,29552,39489,19222
2016,1,2,071,Fluntern,2,764615,529097,235518,98841
2016,1,2,072,Hottingen,1,78939,30186,48753,15252
2016,1,2,072,Hottingen,2,932523,630921,301602,83610
2016,1,2,073,Hirslanden,1,71453,48005,23448,7640
2016,1,2,073,Hirslanden,2,545490,360337,185153,55769
2016,1,2,074,Witikon,1,77631,39369,38262,10689
2016,1,2,074,Witikon,2,878033,563785,314248,152411
2016,1,2,081,Seefeld,1,31064,9603,21461,13164
2016,1,2,081,Seefeld,2,417770,302071,115699,18498
2016,1,2,082,Mühlebach,1,62119,31379,30740,5388
2016,1,2,082,Mühlebach,2,556673,307049,249624,39633
2016,1,2,083,Weinegg,1,88373,32702,55671,22347
2016,1,2,083,Weinegg,2,404305,239356,164949,59738
2016,1,2,091,Albisrieden,1,592062,337354,254708,110778
2016,1,2,091,Albisrieden,2,913979,558698,355281,177048
2016,1,2,092,Altstetten,1,684693,388260,296433,143090
2016,1,2,092,Altstetten,2,1606969,986654,620315,238980
2016,1,2,101,Höngg,1,403814,214313,189501,100156
2016,1,2,101,Höngg,2,1218030,945257,272773,110170
2016,1,2,102,Wipkingen,1,336080,174850,161230,68830
2016,1,2,102,Wipkingen,2,711396,535323,176073,50654
2016,1,2,111,Affoltern,1,708887,377725,331162,133419
2016,1,2,111,Affoltern,2,1124078,751112,372966,173537
2016,1,2,115,Oerlikon,1,381138,140449,240690,68263
2016,1,2,115,Oerlikon,2,1463955,890276,573679,203711
2016,1,2,119,Seebach,1,768112,290824,477287,255747
2016,1,2,119,Seebach,2,1406063,763961,642102,257916
2016,1,2,121,Saatlen,1,526792,255386,271406,164825
2016,1,2,121,Saatlen,2,141269,72617,68652,30644
2016,1,2,122,Schwamendingen-Mitte,1,320150,159022,161128,89118
2016,1,2,122,Schwamendingen-Mitte,2,536064,298984,237079,104358
2016,1,2,123,Hirzenbach,1,588393,188180,400213,245889
2016,1,2,123,Hirzenbach,2,434007,215996,218011,108703
2016,2,1,010,Kreis 1,1,92771,94017,-1246,269
2016,2,1,010,Kreis 1,2,252739,256350,-3611,-222
2016,2,1,021,Wollishofen,1,319907,237677,82230,39942
2016,2,1,021,Wollishofen,2,669812,564177,105635,55178
2016,2,1,023,Leimbach,1,143018,118696,24322,13397
2016,2,1,023,Leimbach,2,168130,116934,51195,20581
2016,2,1,024,Enge,1,54246,35973,18274,6961
2016,2,1,024,Enge,2,629241,497779,131462,44687
2016,2,1,031,Alt-Wiedikon,1,95505,69368,26137,7090
2016,2,1,031,Alt-Wiedikon,2,815268,714043,101225,24303
2016,2,1,033,Friesenberg,1,338262,265780,72481,32331
2016,2,1,033,Friesenberg,2,141190,121595,19596,12710
2016,2,1,034,Sihlfeld,1,346599,271028,75571,29423
2016,2,1,034,Sihlfeld,2,829567,638619,190948,45856
2016,2,1,041,Werd,1,46568,35026,11541,716
2016,2,1,041,Werd,2,230777,171236,59540,8507
2016,2,1,042,Langstrasse,1,97467,77868,19599,1240
2016,2,1,042,Langstrasse,2,541973,389182,152791,44702
2016,2,1,044,Hard,1,377200,244782,132418,41871
2016,2,1,044,Hard,2,409255,293071,116185,24983
2016,2,1,051,Gewerbeschule,1,225162,128816,96346,8489
2016,2,1,051,Gewerbeschule,2,347649,313545,34103,6038
2016,2,1,052,Escher Wyss,1,33135,18944,14191,8147
2016,2,1,052,Escher Wyss,2,296365,270391,25974,24971
2016,2,1,061,Unterstrass,1,415158,309464,105693,56659
2016,2,1,061,Unterstrass,2,883874,694153,189721,75633
2016,2,1,063,Oberstrass,1,108164,91298,16866,7409
2016,2,1,063,Oberstrass,2,502797,492379,10418,11367
2016,2,1,071,Fluntern,1,48684,29552,19131,10028
2016,2,1,071,Fluntern,2,610810,528469,82341,50297
2016,2,1,072,Hottingen,1,59682,30186,29496,8652
2016,2,1,072,Hottingen,2,784622,630643,153978,44744
2016,2,1,073,Hirslanden,1,53595,48005,5590,2018
2016,2,1,073,Hirslanden,2,450673,359824,90849,27732
2016,2,1,074,Witikon,1,50302,39369,10933,3931
2016,2,1,074,Witikon,2,652923,561558,91365,76454
2016,2,1,081,Seefeld,1,23826,8783,15043,9644
2016,2,1,081,Seefeld,2,369182,301362,67820,10469
2016,2,1,082,Mühlebach,1,50670,31379,19290,2992
2016,2,1,082,Mühlebach,2,462796,304867,157929,20784
2016,2,1,083,Weinegg,1,51274,32702,18572,6362
2016,2,1,083,Weinegg,2,301155,236750,64405,32258
2016,2,1,091,Albisrieden,1,407995,330808,77187,48713
2016,2,1,091,Albisrieden,2,692588,558022,134567,97220
2016,2,1,092,Altstetten,1,479542,383732,95810,56703
2016,2,1,092,Altstetten,2,1104533,976142,128391,92599
2016,2,1,101,Höngg,1,276158,214313,61845,54436
2016,2,1,101,Höngg,2,919818,944462,-24644,36384
2016,2,1,102,Wipkingen,1,245927,174850,71077,31783
2016,2,1,102,Wipkingen,2,599461,534650,64811,20655
2016,2,1,111,Affoltern,1,469694,377725,91970,61613
2016,2,1,111,Affoltern,2,800233,751017,49216,79321
2016,2,1,115,Oerlikon,1,201265,140275,60990,16517
2016,2,1,115,Oerlikon,2,1094237,889990,204247,64869
2016,2,1,119,Seebach,1,452331,287916,164415,103339
2016,2,1,119,Seebach,2,924226,763825,160401,102473
2016,2,1,121,Saatlen,1,348701,233942,114759,79184
2016,2,1,121,Saatlen,2,100738,72617,28121,12492
2016,2,1,122,Schwamendingen-Mitte,1,226405,159022,67383,39938
2016,2,1,122,Schwamendingen-Mitte,2,412427,298984,113443,50230
2016,2,1,123,Hirzenbach,1,431871,188180,243691,159560
2016,2,1,123,Hirzenbach,2,330680,215996,114684,62882
2016,2,2,010,Kreis 1,1,110985,94017,16967,2601
2016,2,2,010,Kreis 1,2,262903,256350,6554,760
2016,2,2,021,Wollishofen,1,401589,238016,163573,74916
2016,2,2,021,Wollishofen,2,901388,566222,335166,153869
2016,2,2,023,Leimbach,1,195690,127966,67724,27003
2016,2,2,023,Leimbach,2,207349,116934,90415,33772
2016,2,2,024,Enge,1,74421,35973,38448,13565
2016,2,2,024,Enge,2,749676,497975,251702,83498
2016,2,2,031,Alt-Wiedikon,1,125655,69368,56287,12899
2016,2,2,031,Alt-Wiedikon,2,1045869,741827,304042,65044
2016,2,2,033,Friesenberg,1,425175,269429,155745,55371
2016,2,2,033,Friesenberg,2,183220,121595,61626,23728
2016,2,2,034,Sihlfeld,1,389202,271028,118175,44193
2016,2,2,034,Sihlfeld,2,971287,638801,332486,73784
2016,2,2,041,Werd,1,67931,39370,28561,3679
2016,2,2,041,Werd,2,298474,176890,121585,14215
2016,2,2,042,Langstrasse,1,118836,78637,40199,3892
2016,2,2,042,Langstrasse,2,717560,405577,311983,83771
2016,2,2,044,Hard,1,412620,244782,167838,50935
2016,2,2,044,Hard,2,459419,293338,166081,39655
2016,2,2,051,Gewerbeschule,1,263361,129053,134308,13865
2016,2,2,051,Gewerbeschule,2,437155,313868,123288,17996
2016,2,2,052,Escher Wyss,1,91289,18944,72345,40051
2016,2,2,052,Escher Wyss,2,495991,302804,193187,72435
2016,2,2,061,Unterstrass,1,513588,310148,203440,97546
2016,2,2,061,Unterstrass,2,1096146,694907,401239,132243
2016,2,2,063,Oberstrass,1,132938,91298,41640,14739
2016,2,2,063,Oberstrass,2,605988,493209,112779,40686
2016,2,2,071,Fluntern,1,62629,29552,33077,15436
2016,2,2,071,Fluntern,2,754565,529097,225468,94397
2016,2,2,072,Hottingen,1,75539,30186,45353,13953
2016,2,2,072,Hottingen,2,909750,630921,278830,77440
2016,2,2,073,Hirslanden,1,67620,48005,19615,6741
2016,2,2,073,Hirslanden,2,544058,360337,183721,55554
2016,2,2,074,Witikon,1,70448,39369,31079,9462
2016,2,2,074,Witikon,2,836944,563785,273159,133680
2016,2,2,081,Seefeld,1,31064,9603,21461,13164
2016,2,2,081,Seefeld,2,415538,302071,113467,17087
2016,2,2,082,Mühlebach,1,60443,31379,29064,4982
2016,2,2,082,Mühlebach,2,553142,307049,246093,38583
2016,2,2,083,Weinegg,1,78811,32702,46109,17175
2016,2,2,083,Weinegg,2,388584,239356,149228,55802
2016,2,2,091,Albisrieden,1,497353,333370,163983,78411
2016,2,2,091,Albisrieden,2,850557,558698,291859,152165
2016,2,2,092,Altstetten,1,588844,385504,203340,101640
2016,2,2,092,Altstetten,2,1498918,983609,515309,206181
2016,2,2,101,Höngg,1,346406,214313,132093,78099
2016,2,2,101,Höngg,2,1163742,945257,218485,97183
2016,2,2,102,Wipkingen,1,297153,174850,122303,50373
2016,2,2,102,Wipkingen,2,701742,535323,166419,49162
2016,2,2,111,Affoltern,1,598032,377725,220307,101606
2016,2,2,111,Affoltern,2,1036496,751112,285384,150465
2016,2,2,115,Oerlikon,1,317249,140449,176800,49899
2016,2,2,115,Oerlikon,2,1398157,890276,507881,171295
2016,2,2,119,Seebach,1,634937,289054,345883,191778
2016,2,2,119,Seebach,2,1275207,763961,511246,213400
2016,2,2,121,Saatlen,1,440854,245210,195644,125160
2016,2,2,121,Saatlen,2,137487,72617,64870,28455
2016,2,2,122,Schwamendingen-Mitte,1,280633,159022,121611,68407
2016,2,2,122,Schwamendingen-Mitte,2,516555,298984,217571,95740
2016,2,2,123,Hirzenbach,1,515187,188180,327008,203765
2016,2,2,123,Hirzenbach,2,400080,215996,184084,91333
2017,1,1,010,Kreis 1,1,95556,94698,858,427
2017,1,1,010,Kreis 1,2,254862,256417,-1556,-68
2017,1,1,021,Wollishofen,1,376908,245759,131149,66012
2017,1,1,021,Wollishofen,2,721951,580492,141459,78580
2017,1,1,023,Leimbach,1,183008,147683,35325,22008
2017,1,1,023,Leimbach,2,173107,118122,54985,22271
2017,1,1,024,Enge,1,57620,36045,21576,8022
2017,1,1,024,Enge,2,642323,506537,135786,45544
2017,1,1,031,Alt-Wiedikon,1,108709,69080,39629,10624
2017,1,1,031,Alt-Wiedikon,2,905512,733500,172012,40396
2017,1,1,033,Friesenberg,1,392823,285281,107542,35720
2017,1,1,033,Friesenberg,2,149475,121971,27504,13677
2017,1,1,034,Sihlfeld,1,374577,265631,108946,47219
2017,1,1,034,Sihlfeld,2,843098,644468,198629,51036
2017,1,1,041,Werd,1,47465,29390,18075,1206
2017,1,1,041,Werd,2,229881,170442,59440,15223
2017,1,1,042,Langstrasse,1,96368,74262,22106,1573
2017,1,1,042,Langstrasse,2,575595,421364,154231,41060
2017,1,1,044,Hard,1,395516,244783,150733,46308
2017,1,1,044,Hard,2,416358,291979,124379,25383
2017,1,1,051,Gewerbeschule,1,228228,130343,97885,9232
2017,1,1,051,Gewerbeschule,2,356092,312853,43239,8550
2017,1,1,052,Escher Wyss,1,56639,18944,37694,19612
2017,1,1,052,Escher Wyss,2,393189,245035,148154,76783
2017,1,1,061,Unterstrass,1,482095,317986,164109,86804
2017,1,1,061,Unterstrass,2,911136,707297,203838,90008
2017,1,1,063,Oberstrass,1,118746,89546,29200,13152
2017,1,1,063,Oberstrass,2,502831,495780,7051,10008
2017,1,1,071,Fluntern,1,55228,29279,25949,14865
2017,1,1,071,Fluntern,2,622550,532035,90515,55415
2017,1,1,072,Hottingen,1,64993,31413,33580,10262
2017,1,1,072,Hottingen,2,805906,636376,169530,47510
2017,1,1,073,Hirslanden,1,57370,49267,8103,2825
2017,1,1,073,Hirslanden,2,451943,359959,91984,30145
2017,1,1,074,Witikon,1,57489,39369,18120,15528
2017,1,1,074,Witikon,2,693478,569974,123505,103053
2017,1,1,081,Seefeld,1,38220,11219,27000,17875
2017,1,1,081,Seefeld,2,372780,293494,79286,18242
2017,1,1,082,Mühlebach,1,48792,31496,17296,3176
2017,1,1,082,Mühlebach,2,468861,312680,156180,23705
2017,1,1,083,Weinegg,1,60690,32702,27989,10632
2017,1,1,083,Weinegg,2,317953,244072,73881,33983
2017,1,1,091,Albisrieden,1,509267,341968,167299,98276
2017,1,1,091,Albisrieden,2,754103,658586,95517,54695
2017,1,1,092,Altstetten,1,577208,388888,188320,98531
2017,1,1,092,Altstetten,2,1216078,1014330,201747,112596
2017,1,1,101,Höngg,1,333592,235201,98391,62018
2017,1,1,101,Höngg,2,974274,958393,15880,52990
2017,1,1,102,Wipkingen,1,288931,186328,102603,45882
2017,1,1,102,Wipkingen,2,607751,541290,66461,18847
2017,1,1,111,Affoltern,1,556998,390160,166839,96216
2017,1,1,111,Affoltern,2,833499,760806,72693,83506
2017,1,1,115,Oerlikon,1,245347,150081,95267,22319
2017,1,1,115,Oerlikon,2,1136248,895535,240714,115378
2017,1,1,119,Seebach,1,552247,277409,274838,150474
2017,1,1,119,Seebach,2,1042093,801405,240688,131788
2017,1,1,121,Saatlen,1,436403,240219,196184,127167
2017,1,1,121,Saatlen,2,105538,74965,30573,14485
2017,1,1,122,Schwamendingen-Mitte,1,267124,161517,105607,63384
2017,1,1,122,Schwamendingen-Mitte,2,396519,303829,92690,38905
2017,1,1,123,Hirzenbach,1,513029,236354,276675,164375
2017,1,1,123,Hirzenbach,2,352667,232392,120275,63705
2017,1,2,010,Kreis 1,1,114834,94698,20136,2838
2017,1,2,010,Kreis 1,2,263963,256417,7545,834
2017,1,2,021,Wollishofen,1,464776,248887,215889,104296
2017,1,2,021,Wollishofen,2,947809,580805,367004,171962
2017,1,2,023,Leimbach,1,235713,147683,88031,36920
2017,1,2,023,Leimbach,2,212589,118517,94072,35781
2017,1,2,024,Enge,1,77796,36045,41752,14646
2017,1,2,024,Enge,2,758203,506633,251570,80540
2017,1,2,031,Alt-Wiedikon,1,131177,69080,62097,16322
2017,1,2,031,Alt-Wiedikon,2,1135800,733500,402299,82902
2017,1,2,033,Friesenberg,1,479685,287869,191816,57364
2017,1,2,033,Friesenberg,2,191373,121971,69402,25191
2017,1,2,034,Sihlfeld,1,424966,265631,159334,62122
2017,1,2,034,Sihlfeld,2,984418,646464,337954,76349
2017,1,2,041,Werd,1,68926,29390,39536,3349
2017,1,2,041,Werd,2,297482,170442,127040,24114
2017,1,2,042,Langstrasse,1,116814,74262,42552,4028
2017,1,2,042,Langstrasse,2,754945,425324,329621,83388
2017,1,2,044,Hard,1,430023,244783,185240,55088
2017,1,2,044,Hard,2,466494,292153,174341,39621
2017,1,2,051,Gewerbeschule,1,266487,130343,136144,13037
2017,1,2,051,Gewerbeschule,2,445760,312853,132908,21836
2017,1,2,052,Escher Wyss,1,116734,18944,97790,52401
2017,1,2,052,Escher Wyss,2,590995,264206,326789,132657
2017,1,2,061,Unterstrass,1,579648,319958,259690,127532
2017,1,2,061,Unterstrass,2,1124693,707297,417396,148658
2017,1,2,063,Oberstrass,1,143462,89546,53917,21591
2017,1,2,063,Oberstrass,2,606031,495922,110110,39283
2017,1,2,071,Fluntern,1,69191,30096,39095,19953
2017,1,2,071,Fluntern,2,765977,532680,233297,98900
2017,1,2,072,Hottingen,1,80436,31413,49023,16175
2017,1,2,072,Hottingen,2,929965,636527,293438,79584
2017,1,2,073,Hirslanden,1,71613,49267,22346,7614
2017,1,2,073,Hirslanden,2,545420,359959,185461,58096
2017,1,2,074,Witikon,1,77636,39369,38267,29450
2017,1,2,074,Witikon,2,877091,571657,305435,218785
2017,1,2,081,Seefeld,1,48136,11219,36917,23466
2017,1,2,081,Seefeld,2,421023,293494,127530,27178
2017,1,2,082,Mühlebach,1,59663,31496,28167,5272
2017,1,2,082,Mühlebach,2,559209,312680,246528,37772
2017,1,2,083,Weinegg,1,88136,32702,55434,21106
2017,1,2,083,Weinegg,2,405408,245976,159432,60345
2017,1,2,091,Albisrieden,1,599559,342342,257218,136765
2017,1,2,091,Albisrieden,2,911252,680777,230475,92368
2017,1,2,092,Altstetten,1,686797,388888,297909,142471
2017,1,2,092,Altstetten,2,1615316,1024763,590553,229689
2017,1,2,101,Höngg,1,403734,240726,163008,81438
2017,1,2,101,Höngg,2,1218316,960160,258156,116782
2017,1,2,102,Wipkingen,1,341584,189243,152341,63015
2017,1,2,102,Wipkingen,2,709813,543088,166725,46475
2017,1,2,111,Affoltern,1,677421,390658,286763,136308
2017,1,2,111,Affoltern,2,1052018,761422,290596,143843
2017,1,2,115,Oerlikon,1,358818,150081,208737,54272
2017,1,2,115,Oerlikon,2,1435459,895834,539625,203106
2017,1,2,119,Seebach,1,733734,277409,456325,233729
2017,1,2,119,Seebach,2,1382239,801665,580574,233582
2017,1,2,121,Saatlen,1,527877,240219,287658,174159
2017,1,2,121,Saatlen,2,140833,74965,65868,29796
2017,1,2,122,Schwamendingen-Mitte,1,319535,162375,157160,91593
2017,1,2,122,Schwamendingen-Mitte,2,490440,303829,186610,77549
2017,1,2,123,Hirzenbach,1,596890,239443,357447,203868
2017,1,2,123,Hirzenbach,2,419506,232392,187114,92390
2017,1,3,010,Kreis 1,1,171559,94698,76860,9724
2017,1,3,010,Kreis 1,2,289945,256417,33527,3300
2017,1,3,021,Wollishofen,1,524956,250190,274765,138702
2017,1,3,021,Wollishofen,2,1158370,581588,576782,288426
2017,1,3,023,Leimbach,1,279124,147683,131442,47393
2017,1,3,023,Leimbach,2,227638,118681,108957,42175
2017,1,3,024,Enge,1,96007,36045,59962,20499
2017,1,3,024,Enge,2,844024,506673,337352,111775
2017,1,3,031,Alt-Wiedikon,1,147293,69080,78213,19159
2017,1,3,031,Alt-Wiedikon,2,1423296,733500,689796,133761
2017,1,3,033,Friesenberg,1,517886,287869,230017,64617
2017,1,3,033,Friesenberg,2,210840,121971,88869,30812
2017,1,3,034,Sihlfeld,1,472629,265631,206998,68736
2017,1,3,034,Sihlfeld,2,1088915,647553,441362,92708
2017,1,3,041,Werd,1,106733,29390,77343,7735
2017,1,3,041,Werd,2,400000,170442,229559,36698
2017,1,3,042,Langstrasse,1,155793,74262,81531,9699
2017,1,3,042,Langstrasse,2,1069212,427100,642112,177711
2017,1,3,044,Hard,1,471963,244783,227179,67890
2017,1,3,044,Hard,2,516217,292153,224064,58693
2017,1,3,051,Gewerbeschule,1,324204,130343,193861,18608
2017,1,3,051,Gewerbeschule,2,573074,312853,260222,46265
2017,1,3,052,Escher Wyss,1,264844,18944,245900,130791
2017,1,3,052,Escher Wyss,2,1075216,313556,761660,275811
2017,1,3,061,Unterstrass,1,640132,320944,319188,145579
2017,1,3,061,Unterstrass,2,1312185,707297,604888,187996
2017,1,3,063,Oberstrass,1,158506,89546,68960,27088
2017,1,3,063,Oberstrass,2,647995,495991,152004,51332
2017,1,3,071,Fluntern,1,79816,30096,49720,23263
2017,1,3,071,Fluntern,2,807862,532680,275183,113534
2017,1,3,072,Hottingen,1,92801,31413,61388,21062
2017,1,3,072,Hottingen,2,988663,636577,352086,93762
2017,1,3,073,Hirslanden,1,81325,49267,32058,11261
2017,1,3,073,Hirslanden,2,584486,359959,224527,69811
2017,1,3,074,Witikon,1,91593,39369,52225,39494
2017,1,3,074,Witikon,2,957432,572358,385074,267711
2017,1,3,081,Seefeld,1,55245,11219,44026,26982
2017,1,3,081,Seefeld,2,461109,293494,167615,37364
2017,1,3,082,Mühlebach,1,70215,31496,38719,7745
2017,1,3,082,Mühlebach,2,647644,312680,334963,51519
2017,1,3,083,Weinegg,1,115521,32702,82819,32482
2017,1,3,083,Weinegg,2,458510,246547,211964,78018
2017,1,3,091,Albisrieden,1,632179,342342,289837,150213
2017,1,3,091,Albisrieden,2,1003771,713909,289862,105894
2017,1,3,092,Altstetten,1,773573,388888,384685,180597
2017,1,3,092,Altstetten,2,2263387,1053629,1209759,419505
2017,1,3,101,Höngg,1,429377,241116,188261,87436
2017,1,3,101,Höngg,2,1306433,960874,345559,139231
2017,1,3,102,Wipkingen,1,368639,189531,179108,68819
2017,1,3,102,Wipkingen,2,736785,543570,193215,53708
2017,1,3,111,Affoltern,1,736670,390658,346012,157533
2017,1,3,111,Affoltern,2,1176675,761678,414996,178806
2017,1,3,115,Oerlikon,1,564419,150081,414338,117704
2017,1,3,115,Oerlikon,2,1799242,895899,903343,325639
2017,1,3,119,Seebach,1,1016968,277409,739559,383629
2017,1,3,119,Seebach,2,1849357,801729,1047628,380328
2017,1,3,121,Saatlen,1,557465,240219,317246,190976
2017,1,3,121,Saatlen,2,169108,74965,94143,41056
2017,1,3,122,Schwamendingen-Mitte,1,341831,162375,179456,103568
2017,1,3,122,Schwamendingen-Mitte,2,538553,303829,234723,102118
2017,1,3,123,Hirzenbach,1,629665,239443,390222,218093
2017,1,3,123,Hirzenbach,2,448482,232392,216090,106749
2017,2,1,010,Kreis 1,1,93452,94698,-1246,269
2017,2,1,010,Kreis 1,2,252807,256417,-3611,-222
2017,2,1,021,Wollishofen,1,318817,242573,76244,40477
2017,2,1,021,Wollishofen,2,682258,580492,101766,53963
2017,2,1,023,Leimbach,1,143015,147683,-4668,11527
2017,2,1,023,Leimbach,2,167075,118122,48953,19881
2017,2,1,024,Enge,1,54249,36045,18205,6935
2017,2,1,024,Enge,2,620748,506537,114210,36272
2017,2,1,031,Alt-Wiedikon,1,95194,69080,26114,6682
2017,2,1,031,Alt-Wiedikon,2,815869,733500,82368,26771
2017,2,1,033,Friesenberg,1,338004,282128,55875,22540
2017,2,1,033,Friesenberg,2,140852,121971,18882,12011
2017,2,1,034,Sihlfeld,1,348033,265631,82402,34092
2017,2,1,034,Sihlfeld,2,827567,642775,184792,46341
2017,2,1,041,Werd,1,47465,29390,18075,1206
2017,2,1,041,Werd,2,229881,170442,59440,15223
2017,2,1,042,Langstrasse,1,93759,74262,19498,1377
2017,2,1,042,Langstrasse,2,551437,419288,132149,29160
2017,2,1,044,Hard,1,379933,244783,135150,40876
2017,2,1,044,Hard,2,408154,291979,116175,22801
2017,2,1,051,Gewerbeschule,1,226040,130343,95696,9068
2017,2,1,051,Gewerbeschule,2,348773,312853,35920,7428
2017,2,1,052,Escher Wyss,1,33170,18944,14226,7741
2017,2,1,052,Escher Wyss,2,296252,231822,64431,48612
2017,2,1,061,Unterstrass,1,408979,316206,92774,50470
2017,2,1,061,Unterstrass,2,890601,707297,183303,78559
2017,2,1,063,Oberstrass,1,107747,89546,18202,9470
2017,2,1,063,Oberstrass,2,502831,495780,7051,10008
2017,2,1,071,Fluntern,1,48788,28008,20780,12011
2017,2,1,071,Fluntern,2,612500,532035,80465,50253
2017,2,1,072,Hottingen,1,61593,31413,30180,8963
2017,2,1,072,Hottingen,2,783132,636376,146756,41340
2017,2,1,073,Hirslanden,1,54888,49267,5622,2027
2017,2,1,073,Hirslanden,2,450511,359959,90552,29931
2017,2,1,074,Witikon,1,50306,39369,10937,10141
2017,2,1,074,Witikon,2,652375,568259,84115,74764
2017,2,1,081,Seefeld,1,38220,11219,27000,17875
2017,2,1,081,Seefeld,2,369647,293494,76153,15892
2017,2,1,082,Mühlebach,1,47116,31496,15619,2726
2017,2,1,082,Mühlebach,2,463881,312680,151200,22248
2017,2,1,083,Weinegg,1,51128,32702,18427,5931
2017,2,1,083,Weinegg,2,301307,244072,57235,28008
2017,2,1,091,Albisrieden,1,412072,341387,70685,54063
2017,2,1,091,Albisrieden,2,689029,640614,48414,42705
2017,2,1,092,Altstetten,1,479976,388888,91088,55222
2017,2,1,092,Altstetten,2,1101743,1009498,92245,76476
2017,2,1,101,Höngg,1,276183,227108,49076,45726
2017,2,1,101,Höngg,2,919827,957135,-37308,37839
2017,2,1,102,Wipkingen,1,250002,182613,67389,30449
2017,2,1,102,Wipkingen,2,598220,541290,56930,17364
2017,2,1,111,Affoltern,1,443428,389385,54044,55339
2017,2,1,111,Affoltern,2,741621,760806,-19185,60646
2017,2,1,115,Oerlikon,1,181770,150081,31689,4456
2017,2,1,115,Oerlikon,2,1074052,895535,178517,92432
2017,2,1,119,Seebach,1,421526,277409,144117,91993
2017,2,1,119,Seebach,2,916384,801405,114979,93053
2017,2,1,121,Saatlen,1,350653,240219,110434,85095
2017,2,1,121,Saatlen,2,102037,74965,27072,12507
2017,2,1,122,Schwamendingen-Mitte,1,224830,160182,64648,40555
2017,2,1,122,Schwamendingen-Mitte,2,376491,303829,72662,29946
2017,2,1,123,Hirzenbach,1,438235,232067,206169,125968
2017,2,1,123,Hirzenbach,2,319960,232392,87568,44910
2017,2,2,010,Kreis 1,1,112730,94698,18032,2681
2017,2,2,010,Kreis 1,2,261907,256417,5489,680
2017,2,2,021,Wollishofen,1,406685,245701,160984,78429
2017,2,2,021,Wollishofen,2,908116,580805,327311,147345
2017,2,2,023,Leimbach,1,195721,147683,48038,25862
2017,2,2,023,Leimbach,2,206557,118517,88040,33091
2017,2,2,024,Enge,1,74425,36045,38380,13535
2017,2,2,024,Enge,2,736627,506633,229994,71245
2017,2,2,031,Alt-Wiedikon,1,117662,69080,48582,12380
2017,2,2,031,Alt-Wiedikon,2,1046156,733500,312656,69046
2017,2,2,033,Friesenberg,1,424866,284717,140149,43889
2017,2,2,033,Friesenberg,2,182750,121971,60780,23418
2017,2,2,034,Sihlfeld,1,398421,265631,132790,48995
2017,2,2,034,Sihlfeld,2,968887,644771,324116,71646
2017,2,2,041,Werd,1,68926,29390,39536,3349
2017,2,2,041,Werd,2,297482,170442,127040,24114
2017,2,2,042,Langstrasse,1,114205,74262,39944,3833
2017,2,2,042,Langstrasse,2,730787,423249,307538,71488
2017,2,2,044,Hard,1,414440,244783,169657,49656
2017,2,2,044,Hard,2,458290,292153,166137,37039
2017,2,2,051,Gewerbeschule,1,264298,130343,133955,12873
2017,2,2,051,Gewerbeschule,2,438442,312853,125589,20715
2017,2,2,052,Escher Wyss,1,93266,18944,74321,40529
2017,2,2,052,Escher Wyss,2,494059,250993,243066,103035
2017,2,2,061,Unterstrass,1,506533,318177,188356,90891
2017,2,2,061,Unterstrass,2,1104158,707297,396861,137180
2017,2,2,063,Oberstrass,1,132464,89546,42918,17719
2017,2,2,063,Oberstrass,2,606031,495922,110110,39283
2017,2,2,071,Fluntern,1,62751,28825,33926,17099
2017,2,2,071,Fluntern,2,755926,532680,223247,93624
2017,2,2,072,Hottingen,1,77036,31413,45623,14876
2017,2,2,072,Hottingen,2,907191,636527,270664,73414
2017,2,2,073,Hirslanden,1,69131,49267,19865,6816
2017,2,2,073,Hirslanden,2,543988,359959,184029,57882
2017,2,2,074,Witikon,1,70453,39369,31084,24062
2017,2,2,074,Witikon,2,835987,569942,266045,190495
2017,2,2,081,Seefeld,1,48136,11219,36917,23466
2017,2,2,081,Seefeld,2,417890,293494,124397,24829
2017,2,2,082,Mühlebach,1,57987,31496,26491,4798
2017,2,2,082,Mühlebach,2,554229,312680,241548,36307
2017,2,2,083,Weinegg,1,78573,32702,45872,16286
2017,2,2,083,Weinegg,2,388762,245976,142786,54194
2017,2,2,091,Albisrieden,1,502364,341761,160603,91910
2017,2,2,091,Albisrieden,2,846179,662806,183372,80373
2017,2,2,092,Altstetten,1,589565,388888,200677,97708
2017,2,2,092,Altstetten,2,1500982,1019931,481050,193513
2017,2,2,101,Höngg,1,346325,232633,113692,65077
2017,2,2,101,Höngg,2,1163869,958901,204967,101425
2017,2,2,102,Wipkingen,1,302655,185527,117128,47239
2017,2,2,102,Wipkingen,2,700282,543088,157195,44992
2017,2,2,111,Affoltern,1,563851,389883,173968,93736
2017,2,2,111,Affoltern,2,960140,761422,198718,120802
2017,2,2,115,Oerlikon,1,295241,150081,145160,36027
2017,2,2,115,Oerlikon,2,1373262,895834,477428,179589
2017,2,2,119,Seebach,1,603014,277409,325605,174743
2017,2,2,119,Seebach,2,1256530,801665,454865,193152
2017,2,2,121,Saatlen,1,442127,240219,201908,131617
2017,2,2,121,Saatlen,2,137333,74965,62368,27818
2017,2,2,122,Schwamendingen-Mitte,1,277240,161040,116200,68338
2017,2,2,122,Schwamendingen-Mitte,2,470412,303829,166582,68591
2017,2,2,123,Hirzenbach,1,522096,235155,286941,164580
2017,2,2,123,Hirzenbach,2,386799,232392,154407,73041
2017,2,3,010,Kreis 1,1,169455,94698,74757,9566
2017,2,3,010,Kreis 1,2,287890,256417,31472,3146
2017,2,3,021,Wollishofen,1,466865,247005,219860,112727
2017,2,3,021,Wollishofen,2,1118676,581588,537089,263809
2017,2,3,023,Leimbach,1,239131,147683,91449,35854
2017,2,3,023,Leimbach,2,221606,118681,102924,39485
2017,2,3,024,Enge,1,92636,36045,56591,19386
2017,2,3,024,Enge,2,822448,506673,315776,102472
2017,2,3,031,Alt-Wiedikon,1,133778,69080,64698,15216
2017,2,3,031,Alt-Wiedikon,2,1333653,733500,600153,119603
2017,2,3,033,Friesenberg,1,463067,284717,178350,51054
2017,2,3,033,Friesenberg,2,202217,121971,80247,28911
2017,2,3,034,Sihlfeld,1,446085,265631,180453,55609
2017,2,3,034,Sihlfeld,2,1073384,645860,427525,88005
2017,2,3,041,Werd,1,106733,29390,77343,7735
2017,2,3,041,Werd,2,400000,170442,229559,36698
2017,2,3,042,Langstrasse,1,153184,74262,78923,9503
2017,2,3,042,Langstrasse,2,1045054,425025,620029,165811
2017,2,3,044,Hard,1,456379,244783,211596,62458
2017,2,3,044,Hard,2,508013,292153,215860,56111
2017,2,3,051,Gewerbeschule,1,322015,130343,191672,18444
2017,2,3,051,Gewerbeschule,2,565756,312853,252903,45144
2017,2,3,052,Escher Wyss,1,241376,18944,222431,118919
2017,2,3,052,Escher Wyss,2,978280,300343,677937,242058
2017,2,3,061,Unterstrass,1,567016,319163,247853,108939
2017,2,3,061,Unterstrass,2,1291651,707297,584353,176518
2017,2,3,063,Oberstrass,1,147507,89546,57962,23217
2017,2,3,063,Oberstrass,2,647995,495991,152004,51332
2017,2,3,071,Fluntern,1,73376,28825,44551,20409
2017,2,3,071,Fluntern,2,797812,532680,265133,108258
2017,2,3,072,Hottingen,1,89401,31413,57988,19763
2017,2,3,072,Hottingen,2,965889,636577,329312,87592
2017,2,3,073,Hirslanden,1,78843,49267,29577,10464
2017,2,3,073,Hirslanden,2,583054,359959,223095,69596
2017,2,3,074,Witikon,1,84410,39369,45041,34107
2017,2,3,074,Witikon,2,916328,570644,345685,239422
2017,2,3,081,Seefeld,1,55245,11219,44026,26982
2017,2,3,081,Seefeld,2,457976,293494,164482,35014
2017,2,3,082,Mühlebach,1,68539,31496,37043,7260
2017,2,3,082,Mühlebach,2,642663,312680,329983,50054
2017,2,3,083,Weinegg,1,105959,32702,73257,27626
2017,2,3,083,Weinegg,2,441864,246547,195318,71806
2017,2,3,091,Albisrieden,1,534983,341761,193223,105160
2017,2,3,091,Albisrieden,2,938697,695938,242759,93899
2017,2,3,092,Altstetten,1,676341,388888,287453,135087
2017,2,3,092,Altstetten,2,2149053,1048796,1100256,383323
2017,2,3,101,Höngg,1,371968,233023,138945,71046
2017,2,3,101,Höngg,2,1251985,959615,292370,123809
2017,2,3,102,Wipkingen,1,329710,185816,143894,52991
2017,2,3,102,Wipkingen,2,727254,543570,183684,52225
2017,2,3,111,Affoltern,1,623100,389883,233217,114906
2017,2,3,111,Affoltern,2,1084797,761678,323118,155691
2017,2,3,115,Oerlikon,1,500841,150081,350761,98909
2017,2,3,115,Oerlikon,2,1737045,895899,841146,301886
2017,2,3,119,Seebach,1,886247,277409,608838,324321
2017,2,3,119,Seebach,2,1723648,801729,921919,337357
2017,2,3,121,Saatlen,1,471716,240219,231497,148434
2017,2,3,121,Saatlen,2,165607,74965,90642,39078
2017,2,3,122,Schwamendingen-Mitte,1,299536,161040,138496,80271
2017,2,3,122,Schwamendingen-Mitte,2,518525,303829,214695,93160
2017,2,3,123,Hirzenbach,1,554872,235155,319716,178662
2017,2,3,123,Hirzenbach,2,415775,232392,183383,87309
2018,1,1,010,Kreis 1,1,95860,95002,858,427
2018,1,1,010,Kreis 1,2,254932,256819,-1887,-194
2018,1,1,021,Wollishofen,1,381947,256063,125884,65132
2018,1,1,021,Wollishofen,2,714549,587975,126574,71246
2018,1,1,023,Leimbach,1,183007,147714,35293,23345
2018,1,1,023,Leimbach,2,173230,118996,54234,22467
2018,1,1,024,Enge,1,57123,35547,21576,8087
2018,1,1,024,Enge,2,647107,520022,127084,38885
2018,1,1,031,Alt-Wiedikon,1,108709,70907,37803,9254
2018,1,1,031,Alt-Wiedikon,2,907205,738848,168357,47926
2018,1,1,033,Friesenberg,1,374138,266596,107542,59566
2018,1,1,033,Friesenberg,2,168103,138805,29298,18747
2018,1,1,034,Sihlfeld,1,364917,260186,104731,48398
2018,1,1,034,Sihlfeld,2,852758,658737,194021,44050
2018,1,1,041,Werd,1,60499,33078,27421,13391
2018,1,1,041,Werd,2,216847,174342,42505,7625
2018,1,1,042,Langstrasse,1,96189,73867,22322,1589
2018,1,1,042,Langstrasse,2,574075,444779,129296,23431
2018,1,1,044,Hard,1,394444,244783,149661,68372
2018,1,1,044,Hard,2,417300,298489,118812,26240
2018,1,1,051,Gewerbeschule,1,226656,130129,96527,18721
2018,1,1,051,Gewerbeschule,2,358281,313043,45238,11652
2018,1,1,052,Escher Wyss,1,54703,21823,32880,19891
2018,1,1,052,Escher Wyss,2,395123,375054,20069,30627
2018,1,1,061,Unterstrass,1,483899,319661,164238,91168
2018,1,1,061,Unterstrass,2,909333,747158,162175,59214
2018,1,1,063,Oberstrass,1,118746,89546,29200,14613
2018,1,1,063,Oberstrass,2,502831,499424,3406,8288
2018,1,1,071,Fluntern,1,56997,30718,26279,15733
2018,1,1,071,Fluntern,2,620924,534610,86314,52784
2018,1,1,072,Hottingen,1,68370,37397,30972,7754
2018,1,1,072,Hottingen,2,803474,635500,167975,47045
2018,1,1,073,Hirslanden,1,58983,50368,8615,2979
2018,1,1,073,Hirslanden,2,450429,359272,91157,27358
2018,1,1,074,Witikon,1,57301,39181,18120,5680
2018,1,1,074,Witikon,2,695148,578355,116793,92789
2018,1,1,081,Seefeld,1,13578,10501,3077,-67
2018,1,1,081,Seefeld,2,400305,311364,88941,28041
2018,1,1,082,Mühlebach,1,49609,33401,16208,2935
2018,1,1,082,Mühlebach,2,468952,316699,152253,22166
2018,1,1,083,Weinegg,1,63044,39313,23731,7555
2018,1,1,083,Weinegg,2,315412,239225,76187,40936
2018,1,1,091,Albisrieden,1,504929,352699,152230,87582
2018,1,1,091,Albisrieden,2,758074,687666,70408,37453
2018,1,1,092,Altstetten,1,562471,380477,181993,95617
2018,1,1,092,Altstetten,2,1230329,1049915,180414,99808
2018,1,1,101,Höngg,1,335643,229300,106343,60788
2018,1,1,101,Höngg,2,971193,949737,21455,53792
2018,1,1,102,Wipkingen,1,285643,196086,89557,37587
2018,1,1,102,Wipkingen,2,611069,545923,65146,27242
2018,1,1,111,Affoltern,1,563268,393885,169383,100279
2018,1,1,111,Affoltern,2,827436,758356,69079,82579
2018,1,1,115,Oerlikon,1,249217,153049,96168,32197
2018,1,1,115,Oerlikon,2,1132380,914640,217740,103724
2018,1,1,119,Seebach,1,552621,287863,264758,159467
2018,1,1,119,Seebach,2,1042190,843740,198450,133075
2018,1,1,121,Saatlen,1,436403,249229,187174,131462
2018,1,1,121,Saatlen,2,105538,80133,25404,16357
2018,1,1,122,Schwamendingen-Mitte,1,250698,153290,97408,57734
2018,1,1,122,Schwamendingen-Mitte,2,412895,312576,100319,46371
2018,1,1,123,Hirzenbach,1,514717,275217,239500,140093
2018,1,1,123,Hirzenbach,2,350828,250615,100213,46057
2018,1,2,010,Kreis 1,1,115138,95002,20136,3430
2018,1,2,010,Kreis 1,2,264033,256819,7213,698
2018,1,2,021,Wollishofen,1,483642,271629,212014,105413
2018,1,2,021,Wollishofen,2,926497,588839,337658,154648
2018,1,2,023,Leimbach,1,235713,147714,87999,38490
2018,1,2,023,Leimbach,2,212712,118996,93716,36268
2018,1,2,024,Enge,1,77299,35547,41752,14456
2018,1,2,024,Enge,2,762986,520022,242964,67152
2018,1,2,031,Alt-Wiedikon,1,131177,71238,59938,14704
2018,1,2,031,Alt-Wiedikon,2,1137493,739386,398108,96666
2018,1,2,033,Friesenberg,1,458412,266596,191816,108934
2018,1,2,033,Friesenberg,2,212582,138805,73777,33501
2018,1,2,034,Sihlfeld,1,418630,260186,158444,63492
2018,1,2,034,Sihlfeld,2,990754,660381,330373,70936
2018,1,2,041,Werd,1,86058,33078,52980,25576
2018,1,2,041,Werd,2,280350,174479,105871,13801
2018,1,2,042,Langstrasse,1,116635,73867,42768,4044
2018,1,2,042,Langstrasse,2,751600,453724,297876,61126
2018,1,2,044,Hard,1,428835,244783,184051,81900
2018,1,2,044,Hard,2,467538,300535,167003,39732
2018,1,2,051,Gewerbeschule,1,266131,130129,136002,28610
2018,1,2,051,Gewerbeschule,2,448558,313043,135515,25559
2018,1,2,052,Escher Wyss,1,111832,21823,90009,55245
2018,1,2,052,Escher Wyss,2,595894,404610,191284,78146
2018,1,2,061,Unterstrass,1,581893,321632,260260,134271
2018,1,2,061,Unterstrass,2,1122450,748146,374304,117250
2018,1,2,063,Oberstrass,1,143463,89546,53917,25635
2018,1,2,063,Oberstrass,2,606031,499674,106357,39477
2018,1,2,071,Fluntern,1,71402,30718,40684,21691
2018,1,2,071,Fluntern,2,763906,535432,228474,96934
2018,1,2,072,Hottingen,1,83813,38349,45464,12954
2018,1,2,072,Hottingen,2,927533,635878,291655,78710
2018,1,2,073,Hirslanden,1,73646,50368,23279,7894
2018,1,2,073,Hirslanden,2,543485,359473,184012,54558
2018,1,2,074,Witikon,1,77448,39181,38267,12619
2018,1,2,074,Witikon,2,878761,580135,298626,147069
2018,1,2,081,Seefeld,1,20816,10501,10315,3515
2018,1,2,081,Seefeld,2,451404,312733,138671,38815
2018,1,2,082,Mühlebach,1,60736,33401,27336,5646
2018,1,2,082,Mühlebach,2,559032,317222,241811,36194
2018,1,2,083,Weinegg,1,88821,39313,49509,17676
2018,1,2,083,Weinegg,2,404466,240935,163531,73476
2018,1,2,091,Albisrieden,1,594816,355138,239678,124755
2018,1,2,091,Albisrieden,2,915629,689115,226514,91491
2018,1,2,092,Altstetten,1,675731,382462,293270,142897
2018,1,2,092,Altstetten,2,1625896,1068028,557868,209304
2018,1,2,101,Höngg,1,406100,232249,173851,80745
2018,1,2,101,Höngg,2,1214920,950697,264222,122192
2018,1,2,102,Wipkingen,1,337032,201763,135269,52572
2018,1,2,102,Wipkingen,2,714401,547224,167177,58144
2018,1,2,111,Affoltern,1,685158,393885,291273,144121
2018,1,2,111,Affoltern,2,1044487,759315,285172,143434
2018,1,2,115,Oerlikon,1,362315,153049,209266,83696
2018,1,2,115,Oerlikon,2,1431962,915890,516073,195197
2018,1,2,119,Seebach,1,734170,290083,444087,247097
2018,1,2,119,Seebach,2,1382274,844837,537436,241958
2018,1,2,121,Saatlen,1,527877,251236,276641,182177
2018,1,2,121,Saatlen,2,140833,80133,60700,37506
2018,1,2,122,Schwamendingen-Mitte,1,301120,154361,146758,84347
2018,1,2,122,Schwamendingen-Mitte,2,508804,312576,196228,87903
2018,1,2,123,Hirzenbach,1,599300,281932,317368,178406
2018,1,2,123,Hirzenbach,2,416917,250695,166222,73036
2018,1,3,010,Kreis 1,1,171862,95002,76860,11998
2018,1,3,010,Kreis 1,2,290015,256819,33196,3139
2018,1,3,021,Wollishofen,1,574069,305678,268391,137943
2018,1,3,021,Wollishofen,2,1106629,589333,517296,248855
2018,1,3,023,Leimbach,1,279124,147714,131410,48962
2018,1,3,023,Leimbach,2,227761,118996,108765,42910
2018,1,3,024,Enge,1,95509,35547,59962,19986
2018,1,3,024,Enge,2,848808,520022,328785,87431
2018,1,3,031,Alt-Wiedikon,1,147293,71238,76055,17540
2018,1,3,031,Alt-Wiedikon,2,1424990,739386,685605,148937
2018,1,3,033,Friesenberg,1,496613,266596,230017,125832
2018,1,3,033,Friesenberg,2,232049,138805,93244,40866
2018,1,3,034,Sihlfeld,1,473255,260186,213069,70419
2018,1,3,034,Sihlfeld,2,1088288,660525,427763,89210
2018,1,3,041,Werd,1,129472,33078,96393,46721
2018,1,3,041,Werd,2,377262,174479,202783,22181
2018,1,3,042,Langstrasse,1,155614,73867,81747,9715
2018,1,3,042,Langstrasse,2,1062165,457593,604572,151812
2018,1,3,044,Hard,1,470774,244783,225991,96544
2018,1,3,044,Hard,2,517261,303022,214240,56940
2018,1,3,051,Gewerbeschule,1,327245,130129,197116,45338
2018,1,3,051,Gewerbeschule,2,576176,313043,263133,49891
2018,1,3,052,Escher Wyss,1,247162,21823,225339,140387
2018,1,3,052,Escher Wyss,2,1092887,476924,615962,205201
2018,1,3,061,Unterstrass,1,642524,322618,319906,152101
2018,1,3,061,Unterstrass,2,1309795,749113,560681,155755
2018,1,3,063,Oberstrass,1,158506,89546,68961,32006
2018,1,3,063,Oberstrass,2,647995,499692,148303,53528
2018,1,3,071,Fluntern,1,82175,30718,51457,25066
2018,1,3,071,Fluntern,2,805644,535595,270049,111819
2018,1,3,072,Hottingen,1,96178,38824,57353,17484
2018,1,3,072,Hottingen,2,986232,635952,350279,92803
2018,1,3,073,Hirslanden,1,83568,50368,33201,11605
2018,1,3,073,Hirslanden,2,582341,359574,222767,66165
2018,1,3,074,Witikon,1,91405,39181,52225,18382
2018,1,3,074,Witikon,2,959102,580868,378233,168862
2018,1,3,081,Seefeld,1,27925,10501,17424,7031
2018,1,3,081,Seefeld,2,491490,312733,178757,49000
2018,1,3,082,Mühlebach,1,71807,33401,38407,9854
2018,1,3,082,Mühlebach,2,646915,317385,329530,50423
2018,1,3,083,Weinegg,1,111708,39313,72396,26504
2018,1,3,083,Weinegg,2,462027,241552,220476,97294
2018,1,3,091,Albisrieden,1,627609,355138,272470,138274
2018,1,3,091,Albisrieden,2,1007974,689133,318841,131036
2018,1,3,092,Altstetten,1,777359,382462,394897,193194
2018,1,3,092,Altstetten,2,2259115,1117159,1141956,374412
2018,1,3,101,Höngg,1,431820,233029,198791,86506
2018,1,3,101,Höngg,2,1302960,951035,351925,146768
2018,1,3,102,Wipkingen,1,363328,202666,160663,57309
2018,1,3,102,Wipkingen,2,742131,547755,194376,67041
2018,1,3,111,Affoltern,1,744844,393885,350959,167190
2018,1,3,111,Affoltern,2,1168706,759715,408992,179047
2018,1,3,115,Oerlikon,1,561563,153049,408514,184607
2018,1,3,115,Oerlikon,2,1802098,916244,885854,331720
2018,1,3,119,Seebach,1,1017404,291009,726395,403585
2018,1,3,119,Seebach,2,1849392,845760,1003632,398670
2018,1,3,121,Saatlen,1,557466,252073,305393,198066
2018,1,3,121,Saatlen,2,169108,80133,88974,56474
2018,1,3,122,Schwamendingen-Mitte,1,323551,154400,169151,96428
2018,1,3,122,Schwamendingen-Mitte,2,556782,312576,244206,113412
2018,1,3,123,Hirzenbach,1,633175,281932,351243,193453
2018,1,3,123,Hirzenbach,2,444794,250729,194066,89160
2018,2,1,010,Kreis 1,1,93756,95002,-1246,269
2018,2,1,010,Kreis 1,2,252877,256819,-3943,-348
2018,2,1,021,Wollishofen,1,318817,251137,67680,35539
2018,2,1,021,Wollishofen,2,682258,587975,94283,51554
2018,2,1,023,Leimbach,1,143015,147714,-4700,12864
2018,2,1,023,Leimbach,2,167075,118996,48079,20030
2018,2,1,024,Enge,1,53752,35547,18205,7001
2018,2,1,024,Enge,2,625641,520022,105619,35358
2018,2,1,031,Alt-Wiedikon,1,95194,70907,24288,5312
2018,2,1,031,Alt-Wiedikon,2,815869,738848,77020,27659
2018,2,1,033,Friesenberg,1,322471,266596,55875,32499
2018,2,1,033,Friesenberg,2,156340,138805,17535,15180
2018,2,1,034,Sihlfeld,1,337214,260186,77028,35184
2018,2,1,034,Sihlfeld,2,838385,658737,179648,38171
2018,2,1,041,Werd,1,60499,33078,27421,13391
2018,2,1,041,Werd,2,216847,174342,42505,7625
2018,2,1,042,Langstrasse,1,93580,73867,19713,1393
2018,2,1,042,Langstrasse,2,550820,439461,111359,14640
2018,2,1,044,Hard,1,378861,244783,134078,58279
2018,2,1,044,Hard,2,409096,298489,110608,23659
2018,2,1,051,Gewerbeschule,1,224467,130129,94338,18557
2018,2,1,051,Gewerbeschule,2,350963,313043,37920,9952
2018,2,1,052,Escher Wyss,1,32675,21823,10852,6669
2018,2,1,052,Escher Wyss,2,296748,355610,-58862,6924
2018,2,1,061,Unterstrass,1,410784,317880,92903,51829
2018,2,1,061,Unterstrass,2,888798,747158,141640,47764
2018,2,1,063,Oberstrass,1,107747,89546,18202,9390
2018,2,1,063,Oberstrass,2,502831,499424,3406,8288
2018,2,1,071,Fluntern,1,50558,30718,19840,11926
2018,2,1,071,Fluntern,2,610874,534610,76264,47622
2018,2,1,072,Hottingen,1,64970,37397,27572,6455
2018,2,1,072,Hottingen,2,780700,635500,145201,40874
2018,2,1,073,Hirslanden,1,56501,50368,6133,2181
2018,2,1,073,Hirslanden,2,448997,359272,89726,27143
2018,2,1,074,Witikon,1,50117,39181,10937,3810
2018,2,1,074,Witikon,2,652375,576641,75734,75396
2018,2,1,081,Seefeld,1,13578,10501,3077,-67
2018,2,1,081,Seefeld,2,397172,311364,85808,25692
2018,2,1,082,Mühlebach,1,47933,33401,14532,2484
2018,2,1,082,Mühlebach,2,463972,316699,147272,20708
2018,2,1,083,Weinegg,1,55509,39313,16197,4375
2018,2,1,083,Weinegg,2,296738,239225,57513,32016
2018,2,1,091,Albisrieden,1,408663,348905,59757,45551
2018,2,1,091,Albisrieden,2,692499,687666,4833,11609
2018,2,1,092,Altstetten,1,465748,378503,87245,52725
2018,2,1,092,Altstetten,2,1115971,1041307,74664,66502
2018,2,1,101,Höngg,1,277102,225716,51386,43143
2018,2,1,101,Höngg,2,916475,949737,-33263,36384
2018,2,1,102,Wipkingen,1,246715,189814,56901,22635
2018,2,1,102,Wipkingen,2,601538,545923,55615,22407
2018,2,1,111,Affoltern,1,449698,393885,55813,58129
2018,2,1,111,Affoltern,2,735352,758356,-23004,59004
2018,2,1,115,Oerlikon,1,185639,153049,32591,3833
2018,2,1,115,Oerlikon,2,1070183,914640,155543,80688
2018,2,1,119,Seebach,1,421900,285601,136299,96908
2018,2,1,119,Seebach,2,916011,842755,73256,90478
2018,2,1,121,Saatlen,1,350653,247185,103468,83059
2018,2,1,121,Saatlen,2,102037,80133,21904,13731
2018,2,1,122,Schwamendingen-Mitte,1,212116,151955,60161,37539
2018,2,1,122,Schwamendingen-Mitte,2,388999,312576,76423,34238
2018,2,1,123,Hirzenbach,1,439923,265896,174027,104863
2018,2,1,123,Hirzenbach,2,318003,250615,67388,31517
2018,2,2,010,Kreis 1,1,113034,95002,18032,3272
2018,2,2,010,Kreis 1,2,261977,256819,5158,544
2018,2,2,021,Wollishofen,1,420513,266702,153810,75488
2018,2,2,021,Wollishofen,2,894206,588839,305367,134956
2018,2,2,023,Leimbach,1,195721,147714,48006,27431
2018,2,2,023,Leimbach,2,206557,118996,87561,33524
2018,2,2,024,Enge,1,73928,35547,38380,13345
2018,2,2,024,Enge,2,741521,520022,221498,63602
2018,2,2,031,Alt-Wiedikon,1,117662,71238,46423,10761
2018,2,2,031,Alt-Wiedikon,2,1046157,739386,306771,76168
2018,2,2,033,Friesenberg,1,406745,266596,140149,81655
2018,2,2,033,Friesenberg,2,200819,138805,62015,29934
2018,2,2,034,Sihlfeld,1,390927,260186,130741,50277
2018,2,2,034,Sihlfeld,2,976381,660381,316000,65051
2018,2,2,041,Werd,1,86058,33078,52980,25576
2018,2,2,041,Werd,2,280350,174479,105871,13801
2018,2,2,042,Langstrasse,1,114026,73867,40159,3849
2018,2,2,042,Langstrasse,2,728346,448406,279939,52335
2018,2,2,044,Hard,1,413252,244783,168468,71807
2018,2,2,044,Hard,2,459334,300535,158799,37151
2018,2,2,051,Gewerbeschule,1,263942,130129,133813,28446
2018,2,2,051,Gewerbeschule,2,441240,313043,128197,23859
2018,2,2,052,Escher Wyss,1,89803,21823,67980,42023
2018,2,2,052,Escher Wyss,2,497519,385166,112353,52549
2018,2,2,061,Unterstrass,1,508778,319852,188926,94625
2018,2,2,061,Unterstrass,2,1101916,748146,353769,105771
2018,2,2,063,Oberstrass,1,132464,89546,42919,20222
2018,2,2,063,Oberstrass,2,606031,499674,106357,39477
2018,2,2,071,Fluntern,1,64963,30718,34245,17884
2018,2,2,071,Fluntern,2,753856,535432,218424,91658
2018,2,2,072,Hottingen,1,80413,38349,42064,11655
2018,2,2,072,Hottingen,2,904759,635878,268881,72539
2018,2,2,073,Hirslanden,1,71165,50368,20797,7097
2018,2,2,073,Hirslanden,2,542054,359473,182581,54343
2018,2,2,074,Witikon,1,70265,39181,31084,10749
2018,2,2,074,Witikon,2,835988,578421,257567,129646
2018,2,2,081,Seefeld,1,20816,10501,10315,3515
2018,2,2,081,Seefeld,2,448271,312733,135539,36465
2018,2,2,082,Mühlebach,1,59060,33401,25660,5171
2018,2,2,082,Mühlebach,2,554052,317222,236831,34729
2018,2,2,083,Weinegg,1,81287,39313,41974,14376
2018,2,2,083,Weinegg,2,385793,240935,144858,64419
2018,2,2,091,Albisrieden,1,498550,351344,147206,82092
2018,2,2,091,Albisrieden,2,850054,689115,160939,65643
2018,2,2,092,Altstetten,1,579009,380487,198522,99214
2018,2,2,092,Altstetten,2,1511538,1059420,452118,175942
2018,2,2,101,Höngg,1,347559,228666,118893,62829
2018,2,2,101,Höngg,2,1160202,950697,209504,104578
2018,2,2,102,Wipkingen,1,298103,195490,102613,37278
2018,2,2,102,Wipkingen,2,704870,547224,157646,53310
2018,2,2,111,Affoltern,1,571588,393885,177703,100579
2018,2,2,111,Affoltern,2,952403,759315,193088,119677
2018,2,2,115,Oerlikon,1,298738,153049,145689,54950
2018,2,2,115,Oerlikon,2,1369766,915890,453876,171589
2018,2,2,119,Seebach,1,603450,287822,315628,184155
2018,2,2,119,Seebach,2,1256095,843853,412242,197668
2018,2,2,121,Saatlen,1,442127,249192,192935,133414
2018,2,2,121,Saatlen,2,137333,80133,57200,34881
2018,2,2,122,Schwamendingen-Mitte,1,262539,153026,109512,63726
2018,2,2,122,Schwamendingen-Mitte,2,484908,312576,172332,75770
2018,2,2,123,Hirzenbach,1,524506,272611,251895,142295
2018,2,2,123,Hirzenbach,2,384093,250695,133397,57941
2018,2,3,010,Kreis 1,1,169759,95002,74757,11841
2018,2,3,010,Kreis 1,2,287960,256819,31141,2985
2018,2,3,021,Wollishofen,1,510940,300752,210188,107909
2018,2,3,021,Wollishofen,2,1074338,589333,485005,229164
2018,2,3,023,Leimbach,1,239131,147714,91417,37423
2018,2,3,023,Leimbach,2,221606,118996,102610,40163
2018,2,3,024,Enge,1,92138,35547,56591,18872
2018,2,3,024,Enge,2,827342,520022,307320,83871
2018,2,3,031,Alt-Wiedikon,1,133778,71238,62540,13598
2018,2,3,031,Alt-Wiedikon,2,1333654,739386,594268,128136
2018,2,3,033,Friesenberg,1,444946,266596,178350,98464
2018,2,3,033,Friesenberg,2,220286,138805,81482,37299
2018,2,3,034,Sihlfeld,1,445553,260186,185367,57205
2018,2,3,034,Sihlfeld,2,1073915,660525,413390,83325
2018,2,3,041,Werd,1,129472,33078,96393,46721
2018,2,3,041,Werd,2,377262,174479,202783,22181
2018,2,3,042,Langstrasse,1,153005,73867,79138,9519
2018,2,3,042,Langstrasse,2,1038911,452275,586636,143020
2018,2,3,044,Hard,1,455191,244783,210408,86451
2018,2,3,044,Hard,2,509057,303022,206036,54358
2018,2,3,051,Gewerbeschule,1,325056,130129,194927,45174
2018,2,3,051,Gewerbeschule,2,568858,313043,255815,48191
2018,2,3,052,Escher Wyss,1,225133,21823,203310,127165
2018,2,3,052,Escher Wyss,2,994512,457480,537031,174811
2018,2,3,061,Unterstrass,1,569409,320838,248571,112455
2018,2,3,061,Unterstrass,2,1289260,749113,540147,144277
2018,2,3,063,Oberstrass,1,147508,89546,57962,26593
2018,2,3,063,Oberstrass,2,647995,499692,148303,53528
2018,2,3,071,Fluntern,1,75736,30718,45017,21259
2018,2,3,071,Fluntern,2,795594,535595,259999,106543
2018,2,3,072,Hottingen,1,92778,38824,53953,16185
2018,2,3,072,Hottingen,2,963458,635952,327506,86633
2018,2,3,073,Hirslanden,1,81087,50368,30719,10807
2018,2,3,073,Hirslanden,2,580910,359574,221335,65951
2018,2,3,074,Witikon,1,84222,39181,45041,16512
2018,2,3,074,Witikon,2,916329,579154,337175,151427
2018,2,3,081,Seefeld,1,27925,10501,17424,7031
2018,2,3,081,Seefeld,2,488357,312733,175624,46650
2018,2,3,082,Mühlebach,1,70131,33401,36731,9369
2018,2,3,082,Mühlebach,2,641935,317385,324550,48958
2018,2,3,083,Weinegg,1,104174,39313,64861,23169
2018,2,3,083,Weinegg,2,443354,241552,201802,88180
2018,2,3,091,Albisrieden,1,531343,351344,179998,95412
2018,2,3,091,Albisrieden,2,942399,689133,253266,105188
2018,2,3,092,Altstetten,1,680637,380487,300149,149041
2018,2,3,092,Altstetten,2,2144757,1108552,1036205,341044
2018,2,3,101,Höngg,1,373279,229445,143834,68561
2018,2,3,101,Höngg,2,1248242,951035,297207,129090
2018,2,3,102,Wipkingen,1,324400,196393,128007,41962
2018,2,3,102,Wipkingen,2,732601,547755,184846,62206
2018,2,3,111,Affoltern,1,631274,393885,237389,123594
2018,2,3,111,Affoltern,2,1076622,759715,316908,155216
2018,2,3,115,Oerlikon,1,497986,153049,344937,155310
2018,2,3,115,Oerlikon,2,1739901,916244,823658,307877
2018,2,3,119,Seebach,1,886683,288747,597936,340373
2018,2,3,119,Seebach,2,1723213,844775,878437,351837
2018,2,3,121,Saatlen,1,471716,250028,221687,149303
2018,2,3,121,Saatlen,2,165607,80133,85474,53849
2018,2,3,122,Schwamendingen-Mitte,1,284969,153065,131904,75765
2018,2,3,122,Schwamendingen-Mitte,2,532886,312576,220310,101279
2018,2,3,123,Hirzenbach,1,558381,272611,285770,157199
2018,2,3,123,Hirzenbach,2,411970,250729,161241,73975
2019,1,1,010,Kreis 1,1,82473,81513,960,434
2019,1,1,010,Kreis 1,2,269164,268421,742,3
2019,1,1,021,Wollishofen,1,370701,271936,98765,43377
2019,1,1,021,Wollishofen,2,724332,597841,126490,72501
2019,1,1,023,Leimbach,1,188057,151320,36737,25868
2019,1,1,023,Leimbach,2,168696,116846,51849,21507
2019,1,1,024,Enge,1,49111,31785,17325,6915
2019,1,1,024,Enge,2,655921,525728,130193,44922
2019,1,1,031,Alt-Wiedikon,1,91509,64324,27185,7916
2019,1,1,031,Alt-Wiedikon,2,924404,763453,160950,46291
2019,1,1,033,Friesenberg,1,392111,286785,105326,56446
2019,1,1,033,Friesenberg,2,150132,123252,26880,15207
2019,1,1,034,Sihlfeld,1,391912,267064,124847,59468
2019,1,1,034,Sihlfeld,2,825987,665605,160382,28898
2019,1,1,041,Werd,1,42068,26053,16014,2287
2019,1,1,041,Werd,2,235276,181507,53769,10579
2019,1,1,042,Langstrasse,1,75299,66493,8806,660
2019,1,1,042,Langstrasse,2,594832,455489,139343,22616
2019,1,1,044,Hard,1,384019,242878,141141,70268
2019,1,1,044,Hard,2,424546,299539,125007,26833
2019,1,1,051,Gewerbeschule,1,211362,124149,87212,22443
2019,1,1,051,Gewerbeschule,2,372804,319907,52897,11237
2019,1,1,052,Escher Wyss,1,51234,18944,32290,15012
2019,1,1,052,Escher Wyss,2,398974,384557,14416,23337
2019,1,1,061,Unterstrass,1,456235,333882,122352,68037
2019,1,1,061,Unterstrass,2,937214,757162,180052,74694
2019,1,1,063,Oberstrass,1,86726,62870,23856,12810
2019,1,1,063,Oberstrass,2,532610,527149,5461,9037
2019,1,1,071,Fluntern,1,33766,26264,7502,4402
2019,1,1,071,Fluntern,2,645567,552957,92610,55184
2019,1,1,072,Hottingen,1,39647,21136,18511,4568
2019,1,1,072,Hottingen,2,824909,652475,172434,50228
2019,1,1,073,Hirslanden,1,53897,47064,6832,2628
2019,1,1,073,Hirslanden,2,431995,366103,65892,24952
2019,1,1,074,Witikon,1,43023,37224,5799,3157
2019,1,1,074,Witikon,2,709279,594180,115099,84836
2019,1,1,081,Seefeld,1,39972,11748,28224,19066
2019,1,1,081,Seefeld,2,374702,311988,62714,8328
2019,1,1,082,Mühlebach,1,48592,30571,18020,2562
2019,1,1,082,Mühlebach,2,500532,324099,176432,21580
2019,1,1,083,Weinegg,1,30583,16252,14330,2912
2019,1,1,083,Weinegg,2,347058,258364,88693,47497
2019,1,1,091,Albisrieden,1,501916,348790,153125,95421
2019,1,1,091,Albisrieden,2,761075,698057,63017,48029
2019,1,1,092,Altstetten,1,572545,391253,181292,106412
2019,1,1,092,Altstetten,2,1221427,1054958,166468,94446
2019,1,1,101,Höngg,1,331974,237401,94572,54425
2019,1,1,101,Höngg,2,974931,964229,10701,48922
2019,1,1,102,Wipkingen,1,271212,183032,88179,35440
2019,1,1,102,Wipkingen,2,625502,564411,61091,24085
2019,1,1,111,Affoltern,1,530047,383195,146852,84991
2019,1,1,111,Affoltern,2,859705,792351,67354,83299
2019,1,1,115,Oerlikon,1,211924,133747,78177,22629
2019,1,1,115,Oerlikon,2,1169659,945057,224602,104571
2019,1,1,119,Seebach,1,543619,274232,269386,167282
2019,1,1,119,Seebach,2,1049165,857704,191460,124125
2019,1,1,121,Saatlen,1,433667,248623,185044,123489
2019,1,1,121,Saatlen,2,108518,79859,28659,16774
2019,1,1,122,Schwamendingen-Mitte,1,263336,170918,92418,53630
2019,1,1,122,Schwamendingen-Mitte,2,400233,309975,90258,34611
2019,1,1,123,Hirzenbach,1,510363,280495,229868,142761
2019,1,1,123,Hirzenbach,2,355181,249939,105242,50285
2019,1,2,010,Kreis 1,1,89452,81513,7939,2514
2019,1,2,010,Kreis 1,2,290563,268421,22141,1817
2019,1,2,021,Wollishofen,1,451665,284022,167642,71482
2019,1,2,021,Wollishofen,2,957014,608302,348712,161794
2019,1,2,023,Leimbach,1,238043,151752,86291,40897
2019,1,2,023,Leimbach,2,210898,117078,93820,36035
2019,1,2,024,Enge,1,63881,31785,32095,11931
2019,1,2,024,Enge,2,777231,525728,251502,80535
2019,1,2,031,Alt-Wiedikon,1,107111,64324,42787,12287
2019,1,2,031,Alt-Wiedikon,2,1162030,767132,394898,98412
2019,1,2,033,Friesenberg,1,476432,287732,188699,103396
2019,1,2,033,Friesenberg,2,194565,123252,71313,30663
2019,1,2,034,Sihlfeld,1,432329,267064,165265,73570
2019,1,2,034,Sihlfeld,2,977278,666022,311256,57723
2019,1,2,041,Werd,1,57773,26053,31719,4158
2019,1,2,041,Werd,2,308634,181644,126989,21180
2019,1,2,042,Langstrasse,1,84617,66493,18124,2467
2019,1,2,042,Langstrasse,2,783493,463674,319818,61946
2019,1,2,044,Hard,1,408231,242878,165352,83124
2019,1,2,044,Hard,2,483622,301586,182035,40455
2019,1,2,051,Gewerbeschule,1,235272,124149,111122,31880
2019,1,2,051,Gewerbeschule,2,477199,320194,157005,23390
2019,1,2,052,Escher Wyss,1,102475,18944,83531,44894
2019,1,2,052,Escher Wyss,2,605736,392692,213043,67149
2019,1,2,061,Unterstrass,1,535582,340724,194858,101485
2019,1,2,061,Unterstrass,2,1169045,757429,411616,137086
2019,1,2,063,Oberstrass,1,102573,62870,39703,20666
2019,1,2,063,Oberstrass,2,642353,527624,114729,42647
2019,1,2,071,Fluntern,1,38504,28125,10378,5486
2019,1,2,071,Fluntern,2,794721,553000,241720,99816
2019,1,2,072,Hottingen,1,47203,22087,25115,6339
2019,1,2,072,Hottingen,2,954533,652619,301913,83922
2019,1,2,073,Hirslanden,1,67057,47064,19993,6868
2019,1,2,073,Hirslanden,2,526507,366617,159890,52498
2019,1,2,074,Witikon,1,53975,37224,16751,6155
2019,1,2,074,Witikon,2,902026,597652,304374,140199
2019,1,2,081,Seefeld,1,49709,11748,37961,24738
2019,1,2,081,Seefeld,2,423301,313356,109944,16976
2019,1,2,082,Mühlebach,1,56420,30571,25848,3863
2019,1,2,082,Mühlebach,2,594212,324295,269916,37169
2019,1,2,083,Weinegg,1,40794,16252,24541,6380
2019,1,2,083,Weinegg,2,451407,259201,192205,86349
2019,1,2,091,Albisrieden,1,586884,350319,236564,133755
2019,1,2,091,Albisrieden,2,923571,699791,223779,88936
2019,1,2,092,Altstetten,1,676923,395287,281635,151022
2019,1,2,092,Altstetten,2,1625802,1085156,540646,198970
2019,1,2,101,Höngg,1,399111,240351,158760,73329
2019,1,2,101,Höngg,2,1221978,966230,255747,117165
2019,1,2,102,Wipkingen,1,314541,185342,129198,49230
2019,1,2,102,Wipkingen,2,736894,569163,167731,55420
2019,1,2,111,Affoltern,1,640633,384440,256192,121383
2019,1,2,111,Affoltern,2,1087975,799742,288233,149568
2019,1,2,115,Oerlikon,1,310487,134838,175649,53323
2019,1,2,115,Oerlikon,2,1483596,949956,533640,187147
2019,1,2,119,Seebach,1,710988,276452,434535,251477
2019,1,2,119,Seebach,2,1399472,860918,538554,234154
2019,1,2,121,Saatlen,1,522833,250630,272202,167482
2019,1,2,121,Saatlen,2,146122,79859,66263,33653
2019,1,2,122,Schwamendingen-Mitte,1,310622,174266,136355,77271
2019,1,2,122,Schwamendingen-Mitte,2,499270,310501,188768,75567
2019,1,2,123,Hirzenbach,1,588629,288506,300122,179297
2019,1,2,123,Hirzenbach,2,427586,251149,176437,81224
2019,1,3,010,Kreis 1,1,105859,81513,24346,8059
2019,1,3,010,Kreis 1,2,356864,268421,88442,7282
2019,1,3,021,Wollishofen,1,503084,302710,200374,88829
2019,1,3,021,Wollishofen,2,1176156,630233,545923,266543
2019,1,3,023,Leimbach,1,276286,151752,124534,50143
2019,1,3,023,Leimbach,2,231114,117174,113940,44239
2019,1,3,024,Enge,1,74432,31785,42646,15434
2019,1,3,024,Enge,2,870738,525728,345010,112337
2019,1,3,031,Alt-Wiedikon,1,112625,64324,48300,13544
2019,1,3,031,Alt-Wiedikon,2,1461166,771830,689336,155341
2019,1,3,033,Friesenberg,1,511581,287732,223849,118006
2019,1,3,033,Friesenberg,2,217084,123252,93832,40103
2019,1,3,034,Sihlfeld,1,457223,267064,190158,75736
2019,1,3,034,Sihlfeld,2,1104547,666272,438275,80435
2019,1,3,041,Werd,1,83357,26053,57303,7628
2019,1,3,041,Werd,2,423376,181644,241732,37868
2019,1,3,042,Langstrasse,1,93222,66493,26728,6268
2019,1,3,042,Langstrasse,2,1124456,467095,657361,157518
2019,1,3,044,Hard,1,431475,242878,188597,94151
2019,1,3,044,Hard,2,547877,304072,243805,58157
2019,1,3,051,Gewerbeschule,1,263732,124149,139582,45631
2019,1,3,051,Gewerbeschule,2,634611,320624,313987,43556
2019,1,3,052,Escher Wyss,1,221314,18944,202370,115787
2019,1,3,052,Escher Wyss,2,1119376,419968,699407,186771
2019,1,3,061,Unterstrass,1,567809,341710,226099,110828
2019,1,3,061,Unterstrass,2,1384844,757460,627383,185190
2019,1,3,063,Oberstrass,1,107548,62870,44677,23340
2019,1,3,063,Oberstrass,2,694769,527624,167145,60542
2019,1,3,071,Fluntern,1,39464,28125,11338,5969
2019,1,3,071,Fluntern,2,849511,553015,296496,118536
2019,1,3,072,Hottingen,1,49360,22563,26797,6803
2019,1,3,072,Hottingen,2,1026555,652619,373935,103223
2019,1,3,073,Hirslanden,1,75376,47064,28312,9913
2019,1,3,073,Hirslanden,2,571243,366617,204626,65876
2019,1,3,074,Witikon,1,58562,37224,21338,7295
2019,1,3,074,Witikon,2,991713,599079,392634,165453
2019,1,3,081,Seefeld,1,56018,11748,44269,28164
2019,1,3,081,Seefeld,2,464187,313356,150831,27260
2019,1,3,082,Mühlebach,1,60618,30571,30046,4666
2019,1,3,082,Mühlebach,2,689674,324295,365379,55180
2019,1,3,083,Weinegg,1,48988,16252,32735,9086
2019,1,3,083,Weinegg,2,522943,259435,263507,115235
2019,1,3,091,Albisrieden,1,612199,350319,261880,145129
2019,1,3,091,Albisrieden,2,1023401,699832,323568,108417
2019,1,3,092,Altstetten,1,756723,403559,353163,188553
2019,1,3,092,Altstetten,2,2280574,1170006,1110567,361114
2019,1,3,101,Höngg,1,420644,241130,179514,78309
2019,1,3,101,Höngg,2,1314205,966905,347300,142295
2019,1,3,102,Wipkingen,1,330653,185342,145310,52287
2019,1,3,102,Wipkingen,2,774811,570317,204493,67002
2019,1,3,111,Affoltern,1,688955,384959,303995,137853
2019,1,3,111,Affoltern,2,1223465,804091,419374,191423
2019,1,3,115,Oerlikon,1,486525,134838,351686,112369
2019,1,3,115,Oerlikon,2,1876263,955937,920325,295153
2019,1,3,119,Seebach,1,966579,277378,689200,398319
2019,1,3,119,Seebach,2,1884882,867708,1017174,393956
2019,1,3,121,Saatlen,1,549478,251466,298011,181441
2019,1,3,121,Saatlen,2,177340,79859,97481,46799
2019,1,3,122,Schwamendingen-Mitte,1,326639,174266,152372,85811
2019,1,3,122,Schwamendingen-Mitte,2,553657,310501,243155,104520
2019,1,3,123,Hirzenbach,1,613242,288506,324735,194725
2019,1,3,123,Hirzenbach,2,464725,252454,212270,103184
2019,2,1,010,Kreis 1,1,80370,81513,-1142,276
2019,2,1,010,Kreis 1,2,267108,268421,-1312,-150
2019,2,1,021,Wollishofen,1,313668,266276,47391,21001
2019,2,1,021,Wollishofen,2,687441,594128,93312,52612
2019,2,1,023,Leimbach,1,148731,151320,-2588,14383
2019,2,1,023,Leimbach,2,161358,116846,44511,18569
2019,2,1,024,Enge,1,48166,31785,16380,6542
2019,2,1,024,Enge,2,632030,525728,106302,35495
2019,2,1,031,Alt-Wiedikon,1,80296,64324,15972,4106
2019,2,1,031,Alt-Wiedikon,2,830765,761650,69114,25504
2019,2,1,033,Friesenberg,1,337303,285312,51990,30249
2019,2,1,033,Friesenberg,2,141510,123252,18258,12763
2019,2,1,034,Sihlfeld,1,362475,267064,95410,44171
2019,2,1,034,Sihlfeld,2,813116,665515,147600,24953
2019,2,1,041,Werd,1,42068,26053,16014,2287
2019,2,1,041,Werd,2,235276,181507,53769,10579
2019,2,1,042,Langstrasse,1,75299,66493,8806,660
2019,2,1,042,Langstrasse,2,568964,450171,118793,13626
2019,2,1,044,Hard,1,371641,242878,128762,62281
2019,2,1,044,Hard,2,416342,299539,116803,24252
2019,2,1,051,Gewerbeschule,1,211362,124149,87212,22443
2019,2,1,051,Gewerbeschule,2,363297,319907,43390,9373
2019,2,1,052,Escher Wyss,1,31816,18944,12872,3748
2019,2,1,052,Escher Wyss,2,297988,378489,-80500,2582
2019,2,1,061,Unterstrass,1,384646,325740,58905,34187
2019,2,1,061,Unterstrass,2,915154,757162,157992,66007
2019,2,1,063,Oberstrass,1,75728,62870,12858,7586
2019,2,1,063,Oberstrass,2,532610,527149,5461,9037
2019,2,1,071,Fluntern,1,29599,23367,6231,4307
2019,2,1,071,Fluntern,2,633245,552957,80287,49340
2019,2,1,072,Hottingen,1,38213,21136,17077,4138
2019,2,1,072,Hottingen,2,800647,652475,148172,43547
2019,2,1,073,Hirslanden,1,51415,47064,4351,1830
2019,2,1,073,Hirslanden,2,430564,366103,64460,24737
2019,2,1,074,Witikon,1,40800,37224,3576,2963
2019,2,1,074,Witikon,2,661546,592094,69452,67268
2019,2,1,081,Seefeld,1,39972,11748,28224,19066
2019,2,1,081,Seefeld,2,371570,311988,59581,5978
2019,2,1,082,Mühlebach,1,47237,30571,16665,2112
2019,2,1,082,Mühlebach,2,495231,324099,171131,20123
2019,2,1,083,Weinegg,1,26780,16252,10528,1581
2019,2,1,083,Weinegg,2,324651,258364,66287,36711
2019,2,1,091,Albisrieden,1,405780,346413,59367,50349
2019,2,1,091,Albisrieden,2,695369,698057,-2687,34654
2019,2,1,092,Altstetten,1,475581,388104,87477,60627
2019,2,1,092,Altstetten,2,1107777,1041349,66427,72907
2019,2,1,101,Höngg,1,273162,233818,39344,37519
2019,2,1,101,Höngg,2,920483,964229,-43745,32026
2019,2,1,102,Wipkingen,1,236480,179440,57039,21717
2019,2,1,102,Wipkingen,2,611775,560649,51125,19047
2019,2,1,111,Affoltern,1,422665,381926,40739,47901
2019,2,1,111,Affoltern,2,762236,788916,-26679,55044
2019,2,1,115,Oerlikon,1,152740,132049,20690,2780
2019,2,1,115,Oerlikon,2,1103050,945057,157993,84087
2019,2,1,119,Seebach,1,413360,271970,141389,102799
2019,2,1,119,Seebach,2,920857,856720,64137,82820
2019,2,1,121,Saatlen,1,347672,246578,101093,81519
2019,2,1,121,Saatlen,2,105017,79859,25158,14796
2019,2,1,122,Schwamendingen-Mitte,1,220887,165709,55177,33422
2019,2,1,122,Schwamendingen-Mitte,2,380204,309975,70229,26332
2019,2,1,123,Hirzenbach,1,435452,269920,165532,104851
2019,2,1,123,Hirzenbach,2,322474,248947,73526,36542
2019,2,2,010,Kreis 1,1,87349,81513,5836,2356
2019,2,2,010,Kreis 1,2,288508,268421,20086,1663
2019,2,2,021,Wollishofen,1,394632,278363,116268,48774
2019,2,2,021,Wollishofen,2,920124,604589,315534,141904
2019,2,2,023,Leimbach,1,198716,151752,46964,29110
2019,2,2,023,Leimbach,2,203561,117078,86483,32514
2019,2,2,024,Enge,1,62936,31785,31150,11540
2019,2,2,024,Enge,2,753339,525728,227611,71081
2019,2,2,031,Alt-Wiedikon,1,95898,64324,31574,8477
2019,2,2,031,Alt-Wiedikon,2,1068392,765329,303062,77581
2019,2,2,033,Friesenberg,1,421623,286259,135364,76986
2019,2,2,033,Friesenberg,2,185943,123252,62691,28219
2019,2,2,034,Sihlfeld,1,402892,267064,135827,58273
2019,2,2,034,Sihlfeld,2,964407,665933,298473,53771
2019,2,2,041,Werd,1,57773,26053,31719,4158
2019,2,2,041,Werd,2,308634,181644,126989,21180
2019,2,2,042,Langstrasse,1,84617,66493,18124,2467
2019,2,2,042,Langstrasse,2,757625,458356,299269,52956
2019,2,2,044,Hard,1,395852,242878,152973,75138
2019,2,2,044,Hard,2,475417,301586,173831,37874
2019,2,2,051,Gewerbeschule,1,235272,124149,111122,31880
2019,2,2,051,Gewerbeschule,2,467692,320194,147498,21526
2019,2,2,052,Escher Wyss,1,83058,18944,64113,33630
2019,2,2,052,Escher Wyss,2,504750,386624,118126,44501
2019,2,2,061,Unterstrass,1,463993,332581,131411,67328
2019,2,2,061,Unterstrass,2,1146984,757429,389555,128370
2019,2,2,063,Oberstrass,1,91575,62870,28704,15252
2019,2,2,063,Oberstrass,2,642353,527624,114729,42647
2019,2,2,071,Fluntern,1,34337,25229,9107,5390
2019,2,2,071,Fluntern,2,782399,553000,229398,93859
2019,2,2,072,Hottingen,1,45769,22087,23681,5909
2019,2,2,072,Hottingen,2,930271,652619,277651,77241
2019,2,2,073,Hirslanden,1,64575,47064,17511,6070
2019,2,2,073,Hirslanden,2,525076,366617,158459,52284
2019,2,2,074,Witikon,1,51751,37224,14527,5962
2019,2,2,074,Witikon,2,854293,595566,258727,122601
2019,2,2,081,Seefeld,1,49709,11748,37961,24738
2019,2,2,081,Seefeld,2,420169,313356,106812,14627
2019,2,2,082,Mühlebach,1,55065,30571,24493,3388
2019,2,2,082,Mühlebach,2,588911,324295,264615,35704
2019,2,2,083,Weinegg,1,36991,16252,20739,5050
2019,2,2,083,Weinegg,2,429000,259201,169799,75339
2019,2,2,091,Albisrieden,1,490748,347941,142806,88122
2019,2,2,091,Albisrieden,2,857865,699791,158073,75556
2019,2,2,092,Altstetten,1,579959,392138,187821,104466
2019,2,2,092,Altstetten,2,1512152,1071546,440605,174428
2019,2,2,101,Höngg,1,340300,236767,103532,56423
2019,2,2,101,Höngg,2,1167530,966230,201300,100064
2019,2,2,102,Wipkingen,1,279808,181749,98058,35165
2019,2,2,102,Wipkingen,2,723167,565402,157765,50382
2019,2,2,111,Affoltern,1,533251,383172,150078,83202
2019,2,2,111,Affoltern,2,990505,796307,194198,120848
2019,2,2,115,Oerlikon,1,251303,133140,118162,33206
2019,2,2,115,Oerlikon,2,1416987,949956,467031,166085
2019,2,2,119,Seebach,1,580729,274191,306538,186825
2019,2,2,119,Seebach,2,1271164,859933,411231,190941
2019,2,2,121,Saatlen,1,436838,248586,188252,125042
2019,2,2,121,Saatlen,2,142621,79859,62762,31675
2019,2,2,122,Schwamendingen-Mitte,1,268172,169058,99114,56637
2019,2,2,122,Schwamendingen-Mitte,2,479241,310501,168740,67289
2019,2,2,123,Hirzenbach,1,513718,277931,235786,140186
2019,2,2,123,Hirzenbach,2,394879,250158,144721,66926
2019,2,3,010,Kreis 1,1,103755,81513,22242,7901
2019,2,3,010,Kreis 1,2,354809,268421,86387,7128
2019,2,3,021,Wollishofen,1,446052,297051,149000,66012
2019,2,3,021,Wollishofen,2,1139265,626520,512745,246654
2019,2,3,023,Leimbach,1,236960,151752,85208,38229
2019,2,3,023,Leimbach,2,223777,117174,106602,40362
2019,2,3,024,Enge,1,73487,31785,41701,15042
2019,2,3,024,Enge,2,846847,525728,321118,102871
2019,2,3,031,Alt-Wiedikon,1,101412,64324,37088,9734
2019,2,3,031,Alt-Wiedikon,2,1367527,770027,597499,134510
2019,2,3,033,Friesenberg,1,456773,286259,170513,91507
2019,2,3,033,Friesenberg,2,208461,123252,85209,37659
2019,2,3,034,Sihlfeld,1,427785,267064,160720,60439
2019,2,3,034,Sihlfeld,2,1091676,666183,425493,76483
2019,2,3,041,Werd,1,83357,26053,57303,7628
2019,2,3,041,Werd,2,423376,181644,241732,37868
2019,2,3,042,Langstrasse,1,93222,66493,26728,6268
2019,2,3,042,Langstrasse,2,1098589,461777,636811,148528
2019,2,3,044,Hard,1,419097,242878,176218,86164
2019,2,3,044,Hard,2,539673,304072,235600,55575
2019,2,3,051,Gewerbeschule,1,263732,124149,139582,45631
2019,2,3,051,Gewerbeschule,2,625104,320624,304480,41692
2019,2,3,052,Escher Wyss,1,201897,18944,182952,104523
2019,2,3,052,Escher Wyss,2,1018390,413900,604490,159328
2019,2,3,061,Unterstrass,1,496219,333567,162652,76671
2019,2,3,061,Unterstrass,2,1362784,757460,605323,176475
2019,2,3,063,Oberstrass,1,96549,62870,33679,17927
2019,2,3,063,Oberstrass,2,694769,527624,167145,60542
2019,2,3,071,Fluntern,1,35297,25229,10067,5874
2019,2,3,071,Fluntern,2,837189,553015,284173,112578
2019,2,3,072,Hottingen,1,47926,22563,25363,6373
2019,2,3,072,Hottingen,2,1002293,652619,349673,96542
2019,2,3,073,Hirslanden,1,72895,47064,25831,9115
2019,2,3,073,Hirslanden,2,569812,366617,203195,65661
2019,2,3,074,Witikon,1,56338,37224,19114,7102
2019,2,3,074,Witikon,2,943980,596992,346987,147843
2019,2,3,081,Seefeld,1,56018,11748,44269,28164
2019,2,3,081,Seefeld,2,461055,313356,147698,24910
2019,2,3,082,Mühlebach,1,59263,30571,28691,4181
2019,2,3,082,Mühlebach,2,684373,324295,360077,53715
2019,2,3,083,Weinegg,1,45186,16252,28933,7755
2019,2,3,083,Weinegg,2,500536,259435,241101,104149
2019,2,3,091,Albisrieden,1,516064,347941,168122,99302
2019,2,3,091,Albisrieden,2,957695,699832,257862,95037
2019,2,3,092,Altstetten,1,659759,400410,259349,141526
2019,2,3,092,Altstetten,2,2166923,1156397,1010526,327861
2019,2,3,101,Höngg,1,361833,237546,124286,61403
2019,2,3,101,Höngg,2,1259757,966905,292852,125129
2019,2,3,102,Wipkingen,1,295920,181749,114170,38169
2019,2,3,102,Wipkingen,2,761083,566556,194527,61964
2019,2,3,111,Affoltern,1,581573,383691,197882,99610
2019,2,3,111,Affoltern,2,1125995,800656,325339,162642
2019,2,3,115,Oerlikon,1,427340,133140,294199,91939
2019,2,3,115,Oerlikon,2,1809654,955937,853716,273855
2019,2,3,119,Seebach,1,836320,275116,561204,333667
2019,2,3,119,Seebach,2,1756575,866723,889851,347931
2019,2,3,121,Saatlen,1,463483,249422,214060,139001
2019,2,3,121,Saatlen,2,173839,79859,93980,44821
2019,2,3,122,Schwamendingen-Mitte,1,284189,169058,115131,65134
2019,2,3,122,Schwamendingen-Mitte,2,533628,310501,223126,96242
2019,2,3,123,Hirzenbach,1,538331,277931,260399,155471
2019,2,3,123,Hirzenbach,2,432018,251462,180555,88795
2020,1,1,010,Kreis 1,1,84645,81601,3044,1411
2020,1,1,010,Kreis 1,2,270009,269210,799,47
2020,1,1,021,Wollishofen,1,375008,281547,93460,38612
2020,1,1,021,Wollishofen,2,717657,588169,129487,77331
2020,1,1,023,Leimbach,1,189948,155793,34155,24828
2020,1,1,023,Leimbach,2,168899,117915,50984,21962
2020,1,1,024,Enge,1,54547,32736,21811,8433
2020,1,1,024,Enge,2,649399,527794,121605,42677
2020,1,1,031,Alt-Wiedikon,1,91501,64367,27134,6779
2020,1,1,031,Alt-Wiedikon,2,920279,773047,147232,51133
2020,1,1,033,Friesenberg,1,391966,291077,100888,55330
2020,1,1,033,Friesenberg,2,151348,123754,27594,14788
2020,1,1,034,Sihlfeld,1,398399,291745,106653,43850
2020,1,1,034,Sihlfeld,2,823884,672859,151024,31129
2020,1,1,041,Werd,1,42069,26054,16015,2409
2020,1,1,041,Werd,2,235275,185385,49889,10542
2020,1,1,042,Langstrasse,1,75920,66805,9114,683
2020,1,1,042,Langstrasse,2,594180,460202,133977,21204
2020,1,1,044,Hard,1,383420,242874,140545,32307
2020,1,1,044,Hard,2,422433,300472,121961,24463
2020,1,1,051,Gewerbeschule,1,211359,124497,86862,18654
2020,1,1,051,Gewerbeschule,2,376704,321194,55510,10978
2020,1,1,052,Escher Wyss,1,51603,18944,32659,15609
2020,1,1,052,Escher Wyss,2,385351,379946,5405,-18502
2020,1,1,061,Unterstrass,1,457251,329372,127878,72090
2020,1,1,061,Unterstrass,2,933744,757307,176437,78938
2020,1,1,063,Oberstrass,1,86324,62870,23453,12520
2020,1,1,063,Oberstrass,2,532611,530179,2432,8543
2020,1,1,071,Fluntern,1,33689,26934,6755,4253
2020,1,1,071,Fluntern,2,646999,555291,91707,55369
2020,1,1,072,Hottingen,1,36911,18324,18586,4540
2020,1,1,072,Hottingen,2,818966,653209,165756,47868
2020,1,1,073,Hirslanden,1,55779,47064,8715,4347
2020,1,1,073,Hirslanden,2,431982,369088,62893,23948
2020,1,1,074,Witikon,1,48530,39136,9394,3581
2020,1,1,074,Witikon,2,705105,594178,110927,89012
2020,1,1,081,Seefeld,1,41700,11659,30040,19688
2020,1,1,081,Seefeld,2,372548,311045,61503,6938
2020,1,1,082,Mühlebach,1,50117,30571,19545,2697
2020,1,1,082,Mühlebach,2,501568,324684,176883,21787
2020,1,1,083,Weinegg,1,33665,16280,17384,4794
2020,1,1,083,Weinegg,2,344416,274810,69605,31617
2020,1,1,091,Albisrieden,1,503817,357448,146368,86359
2020,1,1,091,Albisrieden,2,741640,712466,29173,44316
2020,1,1,092,Altstetten,1,585021,401800,183221,106116
2020,1,1,092,Altstetten,2,1210030,1147002,63027,87589
2020,1,1,101,Höngg,1,333245,237964,95281,55208
2020,1,1,101,Höngg,2,1003362,996772,6589,52347
2020,1,1,102,Wipkingen,1,290179,205955,84223,30869
2020,1,1,102,Wipkingen,2,614215,551736,62479,24617
2020,1,1,111,Affoltern,1,542729,388281,154447,89651
2020,1,1,111,Affoltern,2,836985,793288,43696,80187
2020,1,1,115,Oerlikon,1,207645,137340,70304,23662
2020,1,1,115,Oerlikon,2,1171367,954068,217299,105245
2020,1,1,119,Seebach,1,549840,274006,275833,159791
2020,1,1,119,Seebach,2,1037598,862595,175002,121893
2020,1,1,121,Saatlen,1,436596,286474,150121,96055
2020,1,1,121,Saatlen,2,107537,75786,31750,19134
2020,1,1,122,Schwamendingen-Mitte,1,264289,164459,99830,58991
2020,1,1,122,Schwamendingen-Mitte,2,397155,311689,85465,33795
2020,1,1,123,Hirzenbach,1,513202,257555,255646,137460
2020,1,1,123,Hirzenbach,2,357660,249701,107959,56936
2020,1,2,010,Kreis 1,1,91624,81601,10023,3491
2020,1,2,010,Kreis 1,2,291407,269210,22197,1861
2020,1,2,021,Wollishofen,1,456571,287689,168882,69626
2020,1,2,021,Wollishofen,2,949731,598674,351056,165290
2020,1,2,023,Leimbach,1,239934,155793,84141,39155
2020,1,2,023,Leimbach,2,211140,118083,93057,35796
2020,1,2,024,Enge,1,69597,32736,36860,13691
2020,1,2,024,Enge,2,770428,528231,242196,78240
2020,1,2,031,Alt-Wiedikon,1,107100,64367,42733,10028
2020,1,2,031,Alt-Wiedikon,2,1157757,773047,384710,108250
2020,1,2,033,Friesenberg,1,476285,292592,183692,102270
2020,1,2,033,Friesenberg,2,195780,123754,72026,36345
2020,1,2,034,Sihlfeld,1,438879,294478,144401,55970
2020,1,2,034,Sihlfeld,2,975112,673276,301835,58859
2020,1,2,041,Werd,1,57770,26054,31716,3725
2020,1,2,041,Werd,2,308631,185872,122758,21665
2020,1,2,042,Langstrasse,1,85305,66805,18499,1387
2020,1,2,042,Langstrasse,2,782762,480905,301857,51974
2020,1,2,044,Hard,1,407630,242874,164755,40208
2020,1,2,044,Hard,2,481509,302346,179163,37761
2020,1,2,051,Gewerbeschule,1,235268,124497,110771,27385
2020,1,2,051,Gewerbeschule,2,481098,322423,158675,22587
2020,1,2,052,Escher Wyss,1,103502,18944,84557,50696
2020,1,2,052,Escher Wyss,2,591347,379946,211401,123041
2020,1,2,061,Unterstrass,1,536155,331616,204539,106046
2020,1,2,061,Unterstrass,2,1165512,758408,407103,141618
2020,1,2,063,Oberstrass,1,102171,62870,39300,20349
2020,1,2,063,Oberstrass,2,642354,530211,112143,39447
2020,1,2,071,Fluntern,1,38524,26934,11590,5509
2020,1,2,071,Fluntern,2,796048,555438,240610,99599
2020,1,2,072,Hottingen,1,47770,18324,29445,7195
2020,1,2,072,Hottingen,2,947698,653734,293963,79831
2020,1,2,073,Hirslanden,1,68940,47064,21876,9175
2020,1,2,073,Hirslanden,2,526490,369475,157014,51324
2020,1,2,074,Witikon,1,60665,39136,21529,6744
2020,1,2,074,Witikon,2,896663,597022,299640,144425
2020,1,2,081,Seefeld,1,51438,11659,39778,26086
2020,1,2,081,Seefeld,2,421147,312413,108733,13945
2020,1,2,082,Mühlebach,1,57954,30571,27382,4002
2020,1,2,082,Mühlebach,2,595238,326507,268730,35251
2020,1,2,083,Weinegg,1,44200,16280,27919,7826
2020,1,2,083,Weinegg,2,448438,276750,171688,60176
2020,1,2,091,Albisrieden,1,589013,360935,228078,123813
2020,1,2,091,Albisrieden,2,903909,713587,190322,84256
2020,1,2,092,Altstetten,1,696283,406032,290251,155240
2020,1,2,092,Altstetten,2,1607436,1154274,453161,194434
2020,1,2,101,Höngg,1,400383,237964,162419,74446
2020,1,2,101,Höngg,2,1250403,997214,253188,116521
2020,1,2,102,Wipkingen,1,338296,208891,129404,44473
2020,1,2,102,Wipkingen,2,720817,551775,169042,56211
2020,1,2,111,Affoltern,1,655309,388281,267027,126948
2020,1,2,111,Affoltern,2,1063271,798077,265194,144812
2020,1,2,115,Oerlikon,1,305780,137611,168169,53991
2020,1,2,115,Oerlikon,2,1485223,958820,526402,188272
2020,1,2,119,Seebach,1,717214,275174,442039,241158
2020,1,2,119,Seebach,2,1387415,865513,521902,231009
2020,1,2,121,Saatlen,1,526062,294600,231462,135685
2020,1,2,121,Saatlen,2,144835,75786,69048,35783
2020,1,2,122,Schwamendingen-Mitte,1,311790,166377,145413,81442
2020,1,2,122,Schwamendingen-Mitte,2,495980,312066,183913,74693
2020,1,2,123,Hirzenbach,1,591849,260676,331173,172133
2020,1,2,123,Hirzenbach,2,429777,250911,178866,85805
2020,1,3,010,Kreis 1,1,108031,81601,26430,9035
2020,1,3,010,Kreis 1,2,357705,269210,88494,7326
2020,1,3,021,Wollishofen,1,507731,301123,206607,90118
2020,1,3,021,Wollishofen,2,1169123,620298,548825,271195
2020,1,3,023,Leimbach,1,278175,155793,122382,47398
2020,1,3,023,Leimbach,2,231372,118256,113116,43106
2020,1,3,024,Enge,1,80287,32736,47551,17483
2020,1,3,024,Enge,2,863794,528231,335563,110208
2020,1,3,031,Alt-Wiedikon,1,112611,64367,48244,10585
2020,1,3,031,Alt-Wiedikon,2,1456805,773047,683758,173362
2020,1,3,033,Friesenberg,1,511432,292592,218839,117092
2020,1,3,033,Friesenberg,2,218299,123754,94545,49054
2020,1,3,034,Sihlfeld,1,463772,294478,169294,58115
2020,1,3,034,Sihlfeld,2,1102383,673526,428856,80576
2020,1,3,041,Werd,1,83344,26054,57290,5616
2020,1,3,041,Werd,2,423371,186603,236767,39506
2020,1,3,042,Langstrasse,1,93910,66805,27104,2032
2020,1,3,042,Langstrasse,2,1123702,529457,594245,116004
2020,1,3,044,Hard,1,430874,242874,187999,50486
2020,1,3,044,Hard,2,545766,304832,240933,55463
2020,1,3,051,Gewerbeschule,1,263726,124497,139229,41134
2020,1,3,051,Gewerbeschule,2,638510,324197,314312,41745
2020,1,3,052,Escher Wyss,1,223778,18944,204834,130475
2020,1,3,052,Escher Wyss,2,1103376,379946,723430,475018
2020,1,3,061,Unterstrass,1,568324,331616,236708,115588
2020,1,3,061,Unterstrass,2,1381278,758711,622567,191789
2020,1,3,063,Oberstrass,1,107145,62870,44275,23023
2020,1,3,063,Oberstrass,2,694770,530222,164548,54832
2020,1,3,071,Fluntern,1,39519,26934,12585,6004
2020,1,3,071,Fluntern,2,850803,555487,295315,118419
2020,1,3,072,Hottingen,1,53911,18324,35587,8543
2020,1,3,072,Hottingen,2,1019375,653850,365524,98614
2020,1,3,073,Hirslanden,1,77260,47064,30196,12262
2020,1,3,073,Hirslanden,2,571221,369669,201552,64528
2020,1,3,074,Witikon,1,65888,39136,26751,7995
2020,1,3,074,Witikon,2,985712,598192,387519,169859
2020,1,3,081,Seefeld,1,57746,11659,46086,30375
2020,1,3,081,Seefeld,2,462033,312413,149620,22432
2020,1,3,082,Mühlebach,1,62152,30571,31580,4805
2020,1,3,082,Mühlebach,2,690699,331696,359002,46964
2020,1,3,083,Weinegg,1,52502,16280,36222,10563
2020,1,3,083,Weinegg,2,519865,277089,242775,79787
2020,1,3,091,Albisrieden,1,614431,360935,253495,136506
2020,1,3,091,Albisrieden,2,1003637,713647,289989,103735
2020,1,3,092,Altstetten,1,791193,406179,385014,205965
2020,1,3,092,Altstetten,2,2246800,1172476,1074323,359994
2020,1,3,101,Höngg,1,421916,237964,183952,79488
2020,1,3,101,Höngg,2,1342627,997362,345264,139971
2020,1,3,102,Wipkingen,1,356471,212075,144395,47894
2020,1,3,102,Wipkingen,2,756670,551775,204894,67585
2020,1,3,111,Affoltern,1,703495,388281,315213,143433
2020,1,3,111,Affoltern,2,1198897,800604,398293,183847
2020,1,3,115,Oerlikon,1,482813,137611,345202,114429
2020,1,3,115,Oerlikon,2,1875361,970186,905174,297460
2020,1,3,119,Seebach,1,971758,275174,696583,381930
2020,1,3,119,Seebach,2,1872258,871501,1000757,389074
2020,1,3,121,Saatlen,1,552832,295436,257396,149737
2020,1,3,121,Saatlen,2,175922,75786,100136,48831
2020,1,3,122,Schwamendingen-Mitte,1,327810,166377,161433,88410
2020,1,3,122,Schwamendingen-Mitte,2,550365,312066,238298,103064
2020,1,3,123,Hirzenbach,1,617059,260676,356383,187896
2020,1,3,123,Hirzenbach,2,466315,252216,214098,103641
2020,2,1,010,Kreis 1,1,80458,81601,-1142,276
2020,2,1,010,Kreis 1,2,267802,269210,-1407,-157
2020,2,1,021,Wollishofen,1,316951,279959,36991,14366
2020,2,1,021,Wollishofen,2,684141,585806,98335,59165
2020,2,1,023,Leimbach,1,148733,155793,-7059,12369
2020,2,1,023,Leimbach,2,161495,117915,43580,18449
2020,2,1,024,Enge,1,49172,32736,16436,6508
2020,2,1,024,Enge,2,632355,527794,104560,35645
2020,2,1,031,Alt-Wiedikon,1,80289,64367,15922,3839
2020,2,1,031,Alt-Wiedikon,2,830244,773047,57197,27390
2020,2,1,033,Friesenberg,1,337302,288721,48581,28617
2020,2,1,033,Friesenberg,2,141504,123754,17750,10692
2020,2,1,034,Sihlfeld,1,364319,286727,77591,29985
2020,2,1,034,Sihlfeld,2,811265,672770,138495,27495
2020,2,1,041,Werd,1,42069,26054,16015,2409
2020,2,1,041,Werd,2,235275,185385,49889,10542
2020,2,1,042,Langstrasse,1,75920,66805,9114,683
2020,2,1,042,Langstrasse,2,568313,449240,119073,16447
2020,2,1,044,Hard,1,371659,242874,128785,28698
2020,2,1,044,Hard,2,416340,300472,115868,22072
2020,2,1,051,Gewerbeschule,1,211359,124497,86862,18654
2020,2,1,051,Gewerbeschule,2,363295,321194,42101,8319
2020,2,1,052,Escher Wyss,1,31816,18944,12871,3583
2020,2,1,052,Escher Wyss,2,297607,379946,-82339,-77656
2020,2,1,061,Unterstrass,1,382882,327095,55786,36100
2020,2,1,061,Unterstrass,2,914934,757307,157627,69924
2020,2,1,063,Oberstrass,1,75728,62870,12857,7601
2020,2,1,063,Oberstrass,2,532611,530179,2432,8543
2020,2,1,071,Fluntern,1,29532,26934,2598,3941
2020,2,1,071,Fluntern,2,632963,555291,77672,49396
2020,2,1,072,Hottingen,1,35476,18324,17152,4110
2020,2,1,072,Hottingen,2,797322,653209,144112,42103
2020,2,1,073,Hirslanden,1,51418,47064,4353,2429
2020,2,1,073,Hirslanden,2,430550,369088,61461,23733
2020,2,1,074,Witikon,1,44605,39136,5468,3153
2020,2,1,074,Witikon,2,657727,592092,65635,69386
2020,2,1,081,Seefeld,1,41700,11659,30040,19688
2020,2,1,081,Seefeld,2,369723,311045,58678,5136
2020,2,1,082,Mühlebach,1,48762,30571,18190,2246
2020,2,1,082,Mühlebach,2,494135,324684,169451,20085
2020,2,1,083,Weinegg,1,28077,16280,11797,3222
2020,2,1,083,Weinegg,2,322972,273925,49047,24746
2020,2,1,091,Albisrieden,1,406905,352025,54880,44342
2020,2,1,091,Albisrieden,2,693712,712466,-18753,34180
2020,2,1,092,Altstetten,1,481800,396159,85641,58717
2020,2,1,092,Altstetten,2,1100302,1143226,-42923,65434
2020,2,1,101,Höngg,1,272924,237964,34960,37742
2020,2,1,101,Höngg,2,951408,996772,-45364,33936
2020,2,1,102,Wipkingen,1,247379,203292,44086,17337
2020,2,1,102,Wipkingen,2,600861,551736,49125,18612
2020,2,1,111,Affoltern,1,434140,388281,45858,51113
2020,2,1,111,Affoltern,2,750581,790775,-40193,53394
2020,2,1,115,Oerlikon,1,148751,137340,11410,8475
2020,2,1,115,Oerlikon,2,1106975,954068,152907,85015
2020,2,1,119,Seebach,1,419875,272189,147685,99852
2020,2,1,119,Seebach,2,914205,861590,52614,77111
2020,2,1,121,Saatlen,1,348760,275782,72977,60433
2020,2,1,121,Saatlen,2,103929,75786,28142,17075
2020,2,1,122,Schwamendingen-Mitte,1,222163,161475,60688,38373
2020,2,1,122,Schwamendingen-Mitte,2,379121,311689,67432,25458
2020,2,1,123,Hirzenbach,1,435494,253734,181759,100237
2020,2,1,123,Hirzenbach,2,323001,248709,74291,42374
2020,2,2,010,Kreis 1,1,87438,81601,5836,2357
2020,2,2,010,Kreis 1,2,289200,269210,19990,1656
2020,2,2,021,Wollishofen,1,398514,286100,112414,45047
2020,2,2,021,Wollishofen,2,916215,596310,319904,147091
2020,2,2,023,Leimbach,1,198719,155793,42926,26315
2020,2,2,023,Leimbach,2,203736,118083,85653,31569
2020,2,2,024,Enge,1,64222,32736,31486,11527
2020,2,2,024,Enge,2,753384,528231,225152,71190
2020,2,2,031,Alt-Wiedikon,1,95889,64367,31521,7089
2020,2,2,031,Alt-Wiedikon,2,1067722,773047,294674,84463
2020,2,2,033,Friesenberg,1,421621,290236,131385,75345
2020,2,2,033,Friesenberg,2,185936,123754,62182,32248
2020,2,2,034,Sihlfeld,1,404799,289460,115339,42105
2020,2,2,034,Sihlfeld,2,962493,673187,289306,55218
2020,2,2,041,Werd,1,57770,26054,31716,3725
2020,2,2,041,Werd,2,308631,185872,122758,21665
2020,2,2,042,Langstrasse,1,85305,66805,18499,1387
2020,2,2,042,Langstrasse,2,756895,469942,286952,47217
2020,2,2,044,Hard,1,395869,242874,152995,36599
2020,2,2,044,Hard,2,475416,302346,173070,35370
2020,2,2,051,Gewerbeschule,1,235268,124497,110771,27385
2020,2,2,051,Gewerbeschule,2,467689,322423,145266,19928
2020,2,2,052,Escher Wyss,1,83714,18944,64770,38671
2020,2,2,052,Escher Wyss,2,503603,379946,123656,63886
2020,2,2,061,Unterstrass,1,461786,329339,132447,69750
2020,2,2,061,Unterstrass,2,1146702,758408,388294,132576
2020,2,2,063,Oberstrass,1,91575,62870,28704,15241
2020,2,2,063,Oberstrass,2,642354,530211,112143,39447
2020,2,2,071,Fluntern,1,34367,26934,7433,5198
2020,2,2,071,Fluntern,2,782013,555438,226575,93513
2020,2,2,072,Hottingen,1,46335,18324,28011,6765
2020,2,2,072,Hottingen,2,926054,653734,272319,74066
2020,2,2,073,Hirslanden,1,64578,47064,17514,7257
2020,2,2,073,Hirslanden,2,525058,369475,155582,51110
2020,2,2,074,Witikon,1,56740,39136,17603,6316
2020,2,2,074,Witikon,2,849285,594936,254348,124705
2020,2,2,081,Seefeld,1,51438,11659,39778,26086
2020,2,2,081,Seefeld,2,418321,312413,105908,12142
2020,2,2,082,Mühlebach,1,56599,30571,26027,3527
2020,2,2,082,Mühlebach,2,587805,326507,261298,33541
2020,2,2,083,Weinegg,1,38613,16280,22332,6253
2020,2,2,083,Weinegg,2,426995,275864,151130,53039
2020,2,2,091,Albisrieden,1,492102,355511,136590,81356
2020,2,2,091,Albisrieden,2,855981,713587,142394,74121
2020,2,2,092,Altstetten,1,593062,400391,192671,107111
2020,2,2,092,Altstetten,2,1497708,1150499,347209,169317
2020,2,2,101,Höngg,1,340061,237964,102097,56970
2020,2,2,101,Höngg,2,1198449,997214,201234,97547
2020,2,2,102,Wipkingen,1,295496,206229,89267,30837
2020,2,2,102,Wipkingen,2,707464,551775,155688,50206
2020,2,2,111,Affoltern,1,546720,388281,158438,87014
2020,2,2,111,Affoltern,2,976867,795563,181303,117862
2020,2,2,115,Oerlikon,1,246887,137611,109276,35326
2020,2,2,115,Oerlikon,2,1420830,958820,462010,167464
2020,2,2,119,Seebach,1,587249,273357,313891,181050
2020,2,2,119,Seebach,2,1264022,864508,399514,184184
2020,2,2,121,Saatlen,1,438226,283908,154317,99593
2020,2,2,121,Saatlen,2,141227,75786,65440,33724
2020,2,2,122,Schwamendingen-Mitte,1,269665,163393,106271,60406
2020,2,2,122,Schwamendingen-Mitte,2,477947,312066,165880,66356
2020,2,2,123,Hirzenbach,1,514141,256855,257286,133709
2020,2,2,123,Hirzenbach,2,395117,249920,145197,70575
2020,2,3,010,Kreis 1,1,103845,81601,22243,7901
2020,2,3,010,Kreis 1,2,355498,269210,86287,7120
2020,2,3,021,Wollishofen,1,449674,299534,150139,65431
2020,2,3,021,Wollishofen,2,1135607,617934,517672,252992
2020,2,3,023,Leimbach,1,236960,155793,81167,34435
2020,2,3,023,Leimbach,2,223968,118256,105712,38137
2020,2,3,024,Enge,1,74912,32736,42176,15040
2020,2,3,024,Enge,2,846750,528231,318518,103150
2020,2,3,031,Alt-Wiedikon,1,101400,64367,37032,7646
2020,2,3,031,Alt-Wiedikon,2,1366769,773047,593722,149574
2020,2,3,033,Friesenberg,1,456768,290236,166532,90078
2020,2,3,033,Friesenberg,2,208455,123754,84701,44958
2020,2,3,034,Sihlfeld,1,429692,289460,140232,44250
2020,2,3,034,Sihlfeld,2,1089764,673437,416327,76934
2020,2,3,041,Werd,1,83344,26054,57290,5616
2020,2,3,041,Werd,2,423371,186603,236767,39506
2020,2,3,042,Langstrasse,1,93910,66805,27104,2032
2020,2,3,042,Langstrasse,2,1097835,518495,579340,111247
2020,2,3,044,Hard,1,419113,242874,176239,46877
2020,2,3,044,Hard,2,539672,304832,234840,53072
2020,2,3,051,Gewerbeschule,1,263726,124497,139229,41134
2020,2,3,051,Gewerbeschule,2,625101,324197,300903,39086
2020,2,3,052,Escher Wyss,1,203990,18944,185046,118450
2020,2,3,052,Escher Wyss,2,1015632,379946,635685,415864
2020,2,3,061,Unterstrass,1,493955,329339,164616,79292
2020,2,3,061,Unterstrass,2,1362469,758711,603757,182746
2020,2,3,063,Oberstrass,1,96550,62870,33679,17915
2020,2,3,063,Oberstrass,2,694770,530222,164548,54832
2020,2,3,071,Fluntern,1,35362,26934,8428,5692
2020,2,3,071,Fluntern,2,836767,555487,281280,112332
2020,2,3,072,Hottingen,1,52477,18324,34152,8112
2020,2,3,072,Hottingen,2,997731,653850,343880,92849
2020,2,3,073,Hirslanden,1,72898,47064,25834,10344
2020,2,3,073,Hirslanden,2,569790,369669,200120,64313
2020,2,3,074,Witikon,1,61962,39136,22826,7568
2020,2,3,074,Witikon,2,938333,596106,342227,150100
2020,2,3,081,Seefeld,1,57746,11659,46086,30375
2020,2,3,081,Seefeld,2,459208,312413,146794,20629
2020,2,3,082,Mühlebach,1,60797,30571,30226,4320
2020,2,3,082,Mühlebach,2,683266,331696,351570,45254
2020,2,3,083,Weinegg,1,46915,16280,30635,8990
2020,2,3,083,Weinegg,2,498421,276203,222218,72553
2020,2,3,091,Albisrieden,1,517519,355511,162007,94003
2020,2,3,091,Albisrieden,2,955709,713647,242062,93600
2020,2,3,092,Altstetten,1,687972,400537,287434,157267
2020,2,3,092,Altstetten,2,2137072,1168700,968371,326165
2020,2,3,101,Höngg,1,361594,237964,123630,62008
2020,2,3,101,Höngg,2,1290672,997362,293310,120934
2020,2,3,102,Wipkingen,1,313671,209412,104258,34257
2020,2,3,102,Wipkingen,2,743316,551775,191541,61580
2020,2,3,111,Affoltern,1,594906,388281,206624,103437
2020,2,3,111,Affoltern,2,1112493,798090,314402,156832
2020,2,3,115,Oerlikon,1,423920,137611,286309,86330
2020,2,3,115,Oerlikon,2,1810969,970186,840782,276417
2020,2,3,119,Seebach,1,841794,273357,568436,321823
2020,2,3,119,Seebach,2,1748865,870496,878369,339436
2020,2,3,121,Saatlen,1,464996,284744,180252,113645
2020,2,3,121,Saatlen,2,172315,75786,96528,46772
2020,2,3,122,Schwamendingen-Mitte,1,285684,163393,122291,67337
2020,2,3,122,Schwamendingen-Mitte,2,532332,312066,220265,94727
2020,2,3,123,Hirzenbach,1,539351,256855,282496,149330
2020,2,3,123,Hirzenbach,2,431655,251224,180430,88273
